Parameter,category,data_type,detected_unit,exclude_reason,formatting_errors,max,mean,median,merged_from,merged_into,min,n_nonnull,n_total,n_unique,no_variance,notes,only_in_group,original_name,original_unit,outliers_detected,q1,q3,recommended_action,too_few_data,unit_unknown,useful
Wiek,Index,int64,,[],False,41.0,21.10067618332081,21.0,[],,16.0,1331,1331,21,False,[],,Wiek,,False,19.0,23.0,,False,False,True
group,Index,str,,[],False,,,,[],,,1331,1331,2,False,['Used as identifier/grouping variable'],,group,,False,,,keep_as_index,False,False,True
subject_id,Index,str,,[],False,,,,[],,,1331,1331,1331,False,['Used as identifier/grouping variable'],,subject_id,,False,,,keep_as_index,False,False,True
17 - OH progesteron (L79) (17-OHPG),Progesterone_17OHP,float64,ng/mL,['merged into 17ohp_baseline_ng_ml'],False,8.783333333333333,1.1826027633851468,0.99,[],17ohp_baseline_ng_ml,0.2,965,1331,248,False,"['Has 965 values, but 0 in Control', 'MANUAL UNIT ASSIGNMENT: None → ng/mL']",PCOS,17 - OH progesteron (L79) (17-OHPG),,False,0.69,1.43,merged,False,False,False
17 OH progesteron (L79),Progesterone_17OHP,float64,ng/mL,['merged into 17ohp_baseline_ng_ml'],False,5.24,2.069249213836478,2.125,[],17ohp_baseline_ng_ml,0.14,212,1331,172,False,"['Has 212 values, but 0 in Control', 'MANUAL UNIT ASSIGNMENT: None → ng/mL']",PCOS,17 OH progesteron (L79),,False,1.3575000000000002,2.745,merged,False,False,False
ALAT (ALT),ALT,float64,U/L,[],False,127.0,19.642395437262362,16.4,[],,5.0,263,1331,161,False,"['Has 263 values, but 0 in Control', 'MANUAL UNIT ASSIGNMENT: None → U/L']",PCOS,ALAT (ALT),,False,12.95,22.0,,False,False,True
AMH (hormon anty-Mullerowski) (AMH_CP),AMH,float64,ng/mL,['merged into AMH_ng_ml'],False,27.8,6.406019467213114,5.715,[],AMH_ng_ml,0.01,976,1331,585,False,"['Has 976 values, but 0 in Control', 'MANUAL UNIT ASSIGNMENT: None → ng/mL']",PCOS,AMH (hormon anty-Mullerowski) (AMH_CP),,False,3.78,8.405000000000001,merged,False,False,False
AMH ng/ml,AMH,float64,ng/mL,['merged into AMH_ng_ml'],False,9.43,3.4793333333333334,3.04,[],AMH_ng_ml,1.12,45,1331,44,False,"['Has 45 values, but 0 in PCOS']",Control_no_PCOS,AMH ng/ml,,False,1.89,4.76,merged,False,False,False
AMH-anty Mullerian Hormon (AMH),AMH,float64,ng/mL,['merged into AMH_ng_ml'],False,19.85,6.959455782312925,6.15,[],AMH_ng_ml,1.34,147,1331,139,False,"['Has 147 values, but 0 in Control', 'MANUAL UNIT ASSIGNMENT: None → ng/mL']",PCOS,AMH-anty Mullerian Hormon (AMH),,False,4.359999999999999,8.515,merged,False,False,False
APTT Czas kaolinowo-kefalinowy (APTTCZ),PT_APTT,float64,,['N=5 < 10 - automatic exclusion'],False,39.4,34.54,34.1,[],,30.2,5,1331,5,False,"['Has 5 values, but 0 in Control', 'Only 5 non-null values']",PCOS,APTT Czas kaolinowo-kefalinowy (APTTCZ),,False,33.8,35.2,exclude,True,False,False
ASO - ilościowo (ASOIL),ASO,float64,,['N=1 < 10 - automatic exclusion'],False,9.0,9.0,9.0,[],,9.0,1,1331,1,False,"['Has 1 values, but 0 in Control', 'Only 1 non-null values']",PCOS,ASO - ilościowo (ASOIL),,False,9.0,9.0,exclude,True,False,False
ASPAT (AST),AST,float64,U/L,[],False,67.2,20.702851711026618,19.0,[],,11.3,263,1331,134,False,"['Has 263 values, but 0 in Control', 'MANUAL UNIT ASSIGNMENT: None → U/L']",PCOS,ASPAT (AST),,False,16.55,22.55,,False,False,True
Androstendion (ANDRO),Androstenedione,float64,ng/mL,['merged into androstenedione_ng_ml'],False,5.06,1.614699413489736,1.47,[],androstenedione_ng_ml,0.29,682,1331,232,False,"['Has 682 values, but 0 in Control', 'MANUAL UNIT ASSIGNMENT: None → ng/mL']",PCOS,Androstendion (ANDRO),,False,1.12,1.89,merged,False,False,False
Androstendion (I31),Androstenedione,float64,ng/mL,['merged into androstenedione_ng_ml'],False,9.67,3.372486772486773,3.05,[],androstenedione_ng_ml,0.87,189,1331,158,False,"['Has 189 values, but 0 in Control', 'MANUAL UNIT ASSIGNMENT: None → ng/mL']",PCOS,Androstendion (I31),,False,2.22,4.07,merged,False,False,False
Androstendion (I31) (ANDRO),Androstenedione,float64,ng/mL,['merged into androstenedione_ng_ml'],False,7.94,2.6516078431372545,2.37,[],androstenedione_ng_ml,0.32,255,1331,176,False,"['Has 255 values, but 0 in Control', 'MANUAL UNIT ASSIGNMENT: None → ng/mL']",PCOS,Androstendion (I31) (ANDRO),,False,1.9049999999999998,3.065,merged,False,False,False
Anty - HCV (L_ANTHCV),Anti_HCV,str,,['N=1 < 10 - automatic exclusion'],False,,,,[],,,1,1331,1,False,"['Has 1 values, but 0 in Control', 'Only 1 non-null values']",PCOS,Anty - HCV (L_ANTHCV),,False,,,exclude,True,False,False
Anty-TG (O18),Anti_TG,float64,,"['N=21 between 10 and 30 - needs manual verification', 'Manual decision: excluded after review (N=21 between 10-30)']",False,672.51,99.38809523809525,8.16,[],,0.47,21,1331,21,False,"['Has 21 values, but 0 in Control', 'Only 21 non-null values - consider if useful for subgroup analysis', 'Manual exclude decision - insufficient data or better alternatives exist']",PCOS,Anty-TG (O18),,False,4.54,117.08,exclude,True,False,False
Anty-TG (p/c przeciw tyreoglobulinie) (ATG),Anti_TG,float64,IU/mL,['merged into anti_tg_IU_mL'],False,1000.0,14.783818897637797,1.18,[],anti_tg_IU_mL,0.3,254,1331,179,False,"['Has 254 values, but 0 in Control', 'MANUAL UNIT ASSIGNMENT: None → IU/mL']",PCOS,Anty-TG (p/c przeciw tyreoglobulinie) (ATG),,False,0.72,2.7525,merged,False,False,False
Anty-TPO (ATA_TPO),Anti_TPO,float64,IU/mL,[],False,600.0,23.989731543624163,10.33,[],,5.0,1043,1331,304,False,"['Has 1043 values, but 0 in Control', 'MANUAL UNIT ASSIGNMENT: None → IU/mL']",PCOS,Anty-TPO (ATA_TPO),,False,9.0,14.3,,False,False,True
BMI kg/m2,Index,float64,,[],False,24.8,21.844465331482585,21.94,[],,18.5,45,1331,44,False,"['Has 45 values, but 0 in PCOS']",Control_no_PCOS,BMI kg/m2,,False,20.58,23.12,,False,False,True
Białko C-reaktywne (CRP),CRP,float64,,"['N=19 between 10 and 30 - needs manual verification', 'Manual decision: excluded after review (N=19 between 10-30)']",False,58.0,4.847368421052632,0.6,[],,0.1,19,1331,11,False,"['Has 19 values, but 0 in Control', 'Only 19 non-null values - consider if useful for subgroup analysis', 'Manual exclude decision - insufficient data or better alternatives exist']",PCOS,Białko C-reaktywne (CRP),,False,0.6,3.8499999999999996,exclude,True,False,False
Bilirubina całkowita (TBIL),Bilirubin,float64,mg/dL,[],False,1.67,0.6185526315789474,0.58,[],,0.18,76,1331,53,False,"['Has 76 values, but 0 in Control', 'MANUAL UNIT ASSIGNMENT: None → mg/dL']",PCOS,Bilirubina całkowita (TBIL),,False,0.37,0.745,,False,False,True
CEA (CEA),CEA,float64,,['N=1 < 10 - automatic exclusion'],False,0.96,0.96,0.96,[],,0.96,1,1331,1,False,"['Has 1 values, but 0 in Control', 'Only 1 non-null values']",PCOS,CEA (CEA),,False,0.96,0.96,exclude,True,False,False
Ca125 (CA125),CA125,float64,U/mL,[],False,65.6,15.479024390243902,13.4,[],,4.67,41,1331,37,False,"['Has 41 values, but 0 in Control', 'MANUAL UNIT ASSIGNMENT: None → U/mL']",PCOS,Ca125 (CA125),,False,10.1,16.3,,False,False,True
Ca19.9 (CA199),CA19_9,float64,,['N=1 < 10 - automatic exclusion'],False,25.7,25.7,25.7,[],,25.7,1,1331,1,False,"['Has 1 values, but 0 in Control', 'Only 1 non-null values']",PCOS,Ca19.9 (CA199),,False,25.7,25.7,exclude,True,False,False
Cholesterol całkowity (TCHOL),Cholesterol_Total,float64,mg/dL,[],False,345.0,167.16518391787852,165.0,[],,94.0,1169,1331,155,False,"['Has 1169 values, but 0 in Control']",PCOS,Cholesterol całkowity (TCHOL),,False,146.0,186.0,,False,False,True
D-dimery (DDIMER),D_Dimer,float64,,['N=2 < 10 - automatic exclusion'],False,247.0,243.0,243.0,[],,239.0,2,1331,2,False,"['Has 2 values, but 0 in Control', 'Only 2 non-null values']",PCOS,D-dimery (DDIMER),,False,241.0,245.0,exclude,True,False,False
DHEAS (DHEA),DHEAS,float64,μg/dL,['merged into dheas_ug_dL'],False,898.0,339.36793339026474,321.0,[],dheas_ug_dL,30.9,1171,1331,601,False,"['Has 1171 values, but 0 in Control', 'MANUAL UNIT ASSIGNMENT: None → μg/dL']",PCOS,DHEAS (DHEA),,False,245.65,417.5,merged,False,False,False
DHEAS ug/dl,DHEAS,float64,μg/dL,['merged into dheas_ug_dL'],False,613.0,278.9111111111111,257.0,[],dheas_ug_dL,115.0,45,1331,40,False,"['Has 45 values, but 0 in PCOS', 'MANUAL CORRECTION: ug/dL → μg/dL (micro prefix normalized)']",Control_no_PCOS,DHEAS ug/dl,,False,208.0,330.0,merged,False,False,False
Dobowy rytm tolerancji glukozy (L_G1030),Glucose_OGTT,float64,,['N=7 < 10 - automatic exclusion'],False,140.0,113.42857142857143,122.0,[],,81.0,7,1331,7,False,"['Has 7 values, but 0 in Control', 'Only 7 non-null values']",PCOS,Dobowy rytm tolerancji glukozy (L_G1030),,False,101.0,124.5,exclude,True,False,False
Dobowy rytm tolerancji glukozy (L_G1200),Glucose_OGTT,float64,,['N=7 < 10 - automatic exclusion'],False,126.0,102.14285714285714,106.0,[],,76.0,7,1331,7,False,"['Has 7 values, but 0 in Control', 'Only 7 non-null values']",PCOS,Dobowy rytm tolerancji glukozy (L_G1200),,False,95.5,108.0,exclude,True,False,False
Dobowy rytm tolerancji glukozy (L_G1500),Glucose_OGTT,float64,,['N=7 < 10 - automatic exclusion'],False,139.0,105.14285714285714,101.0,[],,90.0,7,1331,7,False,"['Has 7 values, but 0 in Control', 'Only 7 non-null values']",PCOS,Dobowy rytm tolerancji glukozy (L_G1500),,False,93.5,109.5,exclude,True,False,False
Dobowy rytm tolerancji glukozy (L_G1800),Glucose_OGTT,float64,,['N=7 < 10 - automatic exclusion'],False,150.0,108.57142857142857,102.0,[],,81.0,7,1331,7,False,"['Has 7 values, but 0 in Control', 'Only 7 non-null values']",PCOS,Dobowy rytm tolerancji glukozy (L_G1800),,False,97.5,116.0,exclude,True,False,False
Dobowy rytm tolerancji glukozy (L_G2100),Glucose_OGTT,float64,,['N=7 < 10 - automatic exclusion'],False,124.0,111.57142857142857,110.0,[],,95.0,7,1331,7,False,"['Has 7 values, but 0 in Control', 'Only 7 non-null values']",PCOS,Dobowy rytm tolerancji glukozy (L_G2100),,False,108.5,117.5,exclude,True,False,False
Dobowy rytm tolerancji glukozy (L_G2400),Glucose_OGTT,float64,,['N=7 < 10 - automatic exclusion'],False,143.0,101.71428571428571,94.0,[],,90.0,7,1331,5,False,"['Has 7 values, but 0 in Control', 'Only 7 non-null values']",PCOS,Dobowy rytm tolerancji glukozy (L_G2400),,False,93.5,99.0,exclude,True,False,False
Dobowy rytm tolerancji glukozy (L_G330),Glucose_OGTT,float64,,['N=7 < 10 - automatic exclusion'],False,108.0,94.0,94.0,[],,82.0,7,1331,7,False,"['Has 7 values, but 0 in Control', 'Only 7 non-null values']",PCOS,Dobowy rytm tolerancji glukozy (L_G330),,False,89.5,97.5,exclude,True,False,False
Dobowy rytm tolerancji glukozy (L_G700),Glucose_OGTT,float64,,['N=7 < 10 - automatic exclusion'],False,104.0,93.0,91.0,[],,85.0,7,1331,7,False,"['Has 7 values, but 0 in Control', 'Only 7 non-null values']",PCOS,Dobowy rytm tolerancji glukozy (L_G700),,False,87.5,98.0,exclude,True,False,False
Dokument (NAZWA),Index,float64,,"['N=18 between 10 and 30 - needs manual verification', 'Manual decision: excluded after review (N=18 between 10-30)']",False,-6750108056676.0,-6750119303006.454,-6750109719197.75,[],,-6750133724207.0,18,1331,18,False,"['Has 18 values, but 0 in Control', 'Only 18 non-null values - consider if useful for subgroup analysis', 'Manual exclude decision - insufficient data or better alternatives exist']",PCOS,Dokument (NAZWA),,False,-6750133724201.166,-6750109119343.416,exclude,True,False,False
Estradiol (ESTRA),Estradiol,float64,pg/mL,[],False,76.9,27.64736842105263,22.8,[],,5.0,57,1331,47,False,"['Has 57 values, but 0 in Control', 'MANUAL UNIT ASSIGNMENT: None → pg/mL']",PCOS,Estradiol (ESTRA),,False,9.2,39.5,,False,False,True
Estradiol (L_ESTRA),Estradiol,float64,pg/mL,[],False,129.4,41.84411764705882,36.95,[],,13.6,34,1331,33,False,"['Has 34 values, but 0 in Control', 'MANUAL UNIT ASSIGNMENT: None → pg/mL']",PCOS,Estradiol (L_ESTRA),,False,25.625,53.925000000000004,,False,False,True
FSH (FSH),FSH,float64,IU/L,['merged into fsh_iu_l'],False,79.2,6.033651541095891,5.79,[],fsh_iu_l,0.62,1168,1331,509,False,"['Has 1168 values, but 0 in Control']",PCOS,FSH (FSH),,False,4.92,6.8825,merged,False,False,False
FSH 0' 30' 60' (L_FSH0),FSH,float64,,"['N=15 between 10 and 30 - needs manual verification', 'Manual decision: excluded after review (N=15 between 10-30)']",False,7.33,4.298666666666667,3.88,[],,1.82,15,1331,15,False,"['Has 15 values, but 0 in Control', 'Only 15 non-null values - consider if useful for subgroup analysis', 'Manual exclude decision - insufficient data or better alternatives exist']",PCOS,FSH 0' 30' 60' (L_FSH0),,False,2.895,5.645,exclude,True,False,False
FSH 0' 30' 60' (L_FSH30),FSH,float64,,"['N=15 between 10 and 30 - needs manual verification', 'Manual decision: excluded after review (N=15 between 10-30)']",False,15.5,9.373333333333333,9.83,[],,3.94,15,1331,15,False,"['Has 15 values, but 0 in Control', 'Only 15 non-null values - consider if useful for subgroup analysis', 'Manual exclude decision - insufficient data or better alternatives exist']",PCOS,FSH 0' 30' 60' (L_FSH30),,False,7.220000000000001,11.379999999999999,exclude,True,False,False
FSH 0' 30' 60' (L_FSH60),FSH,float64,,"['N=15 between 10 and 30 - needs manual verification', 'Manual decision: excluded after review (N=15 between 10-30)']",False,16.6,10.493333333333334,10.4,[],,3.95,15,1331,15,False,"['Has 15 values, but 0 in Control', 'Only 15 non-null values - consider if useful for subgroup analysis', 'Manual exclude decision - insufficient data or better alternatives exist']",PCOS,FSH 0' 30' 60' (L_FSH60),,False,8.085,13.059999999999999,exclude,True,False,False
FSH IU/l,FSH,float64,IU/L,['merged into fsh_iu_l'],False,13.2,6.62311111111111,6.5,[],fsh_iu_l,1.74,45,1331,43,False,"['Has 45 values, but 0 in PCOS']",Control_no_PCOS,FSH IU/l,,False,5.59,7.41,merged,False,False,False
FT3 (FT3),FT3,float64,,['N=6 < 10 - automatic exclusion'],False,8.02,3.733333333333333,2.955,[],,2.22,6,1331,5,False,"['Has 6 values, but 0 in Control', 'Only 6 non-null values']",PCOS,FT3 (FT3),,False,2.81,3.355,exclude,True,False,False
FT4 (FT4),FT4,float64,ng/dL,[],False,3.1,1.1882356469580118,1.18,[],,0.768,1167,1331,114,False,"['Has 1167 values, but 0 in Control', 'MANUAL UNIT ASSIGNMENT: None → ng/dL']",PCOS,FT4 (FT4),,False,1.08,1.29,,False,False,True
Ferrytyna (FERR),Ferritin,float64,,['N=2 < 10 - automatic exclusion'],False,61.9,36.8,36.8,[],,11.7,2,1331,2,False,"['Has 2 values, but 0 in Control', 'Only 2 non-null values']",PCOS,Ferrytyna (FERR),,False,24.25,49.349999999999994,exclude,True,False,False
Ferrytyna (L05),Ferritin,float64,,['N=1 < 10 - automatic exclusion'],False,42.59,42.59,42.59,[],,42.59,1,1331,1,False,"['Has 1 values, but 0 in Control', 'Only 1 non-null values']",PCOS,Ferrytyna (L05),,False,42.59,42.59,exclude,True,False,False
Fibrynogen (L_FIB),Fibrinogen,float64,,['N=3 < 10 - automatic exclusion'],False,326.0,274.0,252.0,[],,244.0,3,1331,3,False,"['Has 3 values, but 0 in Control', 'Only 3 non-null values']",PCOS,Fibrynogen (L_FIB),,False,248.0,289.0,exclude,True,False,False
Fosforany nieorganiczne (FOSFOR),Phosphate,float64,,['N=2 < 10 - automatic exclusion'],False,4.05,3.985,3.985,[],,3.92,2,1331,2,False,"['Has 2 values, but 0 in Control', 'Only 2 non-null values']",PCOS,Fosforany nieorganiczne (FOSFOR),,False,3.9524999999999997,4.0175,exclude,True,False,False
GH (hormon wzrostu) (L_GH),GH,float64,,['N=1 < 10 - automatic exclusion'],False,0.278,0.278,0.278,[],,0.278,1,1331,1,False,"['Has 1 values, but 0 in Control', 'Only 1 non-null values']",PCOS,GH (hormon wzrostu) (L_GH),,False,0.278,0.278,exclude,True,False,False
Gamma Glutamylotranspeptydaza (GGTP),GGT,float64,U/L,[],False,71.8,15.506753246753247,13.3,[],,6.0,77,1331,58,False,"['Has 77 values, but 0 in Control', 'MANUAL UNIT ASSIGNMENT: None → U/L']",PCOS,Gamma Glutamylotranspeptydaza (GGTP),,False,10.6,17.6,,False,False,True
Glukoza (L_GLU),Glucose_Fasting,float64,,['N=2 < 10 - automatic exclusion'],False,97.0,87.95,87.95,[],,78.9,2,1331,2,False,"['Has 2 values, but 0 in Control', 'Only 2 non-null values']",PCOS,Glukoza (L_GLU),,False,83.42500000000001,92.475,exclude,True,False,False
"Grypa A, B, RSV, SARS-CoV2 antygen - badanie jakościowe (COV2_G)",Virology,str,,['N=1 < 10 - automatic exclusion'],False,,,,[],,,1,1331,1,False,"['Has 1 values, but 0 in Control', 'Only 1 non-null values']",PCOS,"Grypa A, B, RSV, SARS-CoV2 antygen - badanie jakościowe (COV2_G)",,False,,,exclude,True,False,False
"Grypa A, B, RSV, SARS-CoV2 antygen - badanie jakościowe (GRYA)",Virology,str,,['N=1 < 10 - automatic exclusion'],False,,,,[],,,1,1331,1,False,"['Has 1 values, but 0 in Control', 'Only 1 non-null values']",PCOS,"Grypa A, B, RSV, SARS-CoV2 antygen - badanie jakościowe (GRYA)",,False,,,exclude,True,False,False
"Grypa A, B, RSV, SARS-CoV2 antygen - badanie jakościowe (GRYB)",Virology,str,,['N=1 < 10 - automatic exclusion'],False,,,,[],,,1,1331,1,False,"['Has 1 values, but 0 in Control', 'Only 1 non-null values']",PCOS,"Grypa A, B, RSV, SARS-CoV2 antygen - badanie jakościowe (GRYB)",,False,,,exclude,True,False,False
"Grypa A, B, RSV, SARS-CoV2 antygen - badanie jakościowe (GRYRSV)",Virology,str,,['N=1 < 10 - automatic exclusion'],False,,,,[],,,1,1331,1,False,"['Has 1 values, but 0 in Control', 'Only 1 non-null values']",PCOS,"Grypa A, B, RSV, SARS-CoV2 antygen - badanie jakościowe (GRYRSV)",,False,,,exclude,True,False,False
HBSAG (L_HBSAG),HBsAg,str,,['no variance - only 1 unique value (constant: ujemny)'],False,,,,[],,,51,1331,1,True,"['Has 51 values, but 0 in Control']",PCOS,HBSAG (L_HBSAG),,False,,,exclude,False,False,False
HBsAg (L_HBSAG),HBsAg,str,,[],False,,,,[],,,1113,1331,2,False,"['Has 1113 values, but 0 in Control', ""low variance - only 2 unique values: ['Niereaktywny', 'ujemny']"", 'Manual review: two unique values (""Niereaktywny"" and ""ujemny"") both mean ""negative"". No positive cases detected. Column can be kept as binary flag or consolidated to a single value.']",PCOS,HBsAg (L_HBSAG),,False,,,keep_or_consolidate,False,False,True
HDL cholesterol (HDL),HDL,float64,mg/dL,[],False,174.0,57.99307100085543,56.8,[],,22.5,1169,1331,461,False,"['Has 1169 values, but 0 in Control']",PCOS,HDL cholesterol (HDL),,False,48.0,66.1,,False,False,True
HbsAg (HBSAG),HBsAg,str,,['N=3 < 10 - automatic exclusion'],False,,,,[],,,3,1331,1,False,"['Has 3 values, but 0 in Control', 'Only 3 non-null values']",PCOS,HbsAg (HBSAG),,False,,,exclude,True,False,False
Hemoglobina glikowana (HBA1C_1),HbA1c,float64,,"['N=23 between 10 and 30 - needs manual verification', 'Manual decision: excluded after review (N=23 between 10-30)']",False,8.94,5.796086956521739,5.43,[],,4.65,23,1331,22,False,"['Has 23 values, but 0 in Control', 'Only 23 non-null values - consider if useful for subgroup analysis', 'Manual exclude decision - insufficient data or better alternatives exist']",PCOS,Hemoglobina glikowana (HBA1C_1),,False,5.23,6.0649999999999995,exclude,True,False,False
Hemoglobina glikowana (HBA1C_2),HbA1c,float64,,"['N=23 between 10 and 30 - needs manual verification', 'Manual decision: excluded after review (N=23 between 10-30)']",False,74.2,39.84347826086957,35.8,[],,27.3,23,1331,22,False,"['Has 23 values, but 0 in Control', 'Only 23 non-null values - consider if useful for subgroup analysis', 'Manual exclude decision - insufficient data or better alternatives exist']",PCOS,Hemoglobina glikowana (HBA1C_2),,False,33.65,42.8,exclude,True,False,False
Hemoglobina glikowana (L53.IFC),HbA1c,float64,,['N=4 < 10 - automatic exclusion'],False,71.0,55.5,54.5,[],,42.0,4,1331,4,False,"['Has 4 values, but 0 in Control', 'Only 4 non-null values']",PCOS,Hemoglobina glikowana (L53.IFC),,False,45.75,64.25,exclude,True,False,False
Hemoglobina glikowana (L55),HbA1c,float64,,['N=4 < 10 - automatic exclusion'],False,8.6,7.225,7.15,[],,6.0,4,1331,4,False,"['Has 4 values, but 0 in Control', 'Only 4 non-null values']",PCOS,Hemoglobina glikowana (L55),,False,6.375,8.0,exclude,True,False,False
IGF-1 (insulinopodobny czynnik wzrostu 1) (IGF1_L),IGF1,float64,,['N=1 < 10 - automatic exclusion'],False,112.8,112.8,112.8,[],,112.8,1,1331,1,False,"['Has 1 values, but 0 in Control', 'MANUAL CORRECTION: changed from Insulin_Fasting to IGF1', 'Only 1 non-null values']",PCOS,IGF-1 (insulinopodobny czynnik wzrostu 1) (IGF1_L),,False,112.8,112.8,exclude,True,False,False
Insulina (INSUL),Insulin_Fasting,float64,μU/mL,['merged into insulin_fasting_uU_ml'],False,51.5,8.737809139784947,7.02,[],insulin_fasting_uU_ml,0.4,744,1331,471,False,"['Has 744 values, but 0 in Control', 'MANUAL CORRECTION: unified to μU/mL']",PCOS,Insulina (INSUL),,False,5.07,10.325000000000001,merged,False,False,False
Insulina po 75g glukozy (3pkt.) (INSUL_0),Insulin_Fasting,float64,μU/mL,['merged into insulin_fasting_uU_ml'],False,98.2,10.517207207207205,8.295,[],insulin_fasting_uU_ml,1.77,222,1331,181,False,"['Has 222 values, but 0 in Control', 'MANUAL CORRECTION: unified to μU/mL']",PCOS,Insulina po 75g glukozy (3pkt.) (INSUL_0),,False,6.195,11.875,merged,False,False,False
Insulina po 75g glukozy (3pkt.) (INSUL_1),Insulin_Fasting,float64,μU/mL,['merged into insulin_60min_3pt_uU_ml'],False,464.0,83.66723981900452,72.8,[],insulin_60min_3pt_uU_ml,8.25,221,1331,185,False,"['Has 221 values, but 0 in Control', 'MANUAL CORRECTION: unified to μU/mL']",PCOS,Insulina po 75g glukozy (3pkt.) (INSUL_1),,False,50.4,101.0,merged,False,False,False
Insulina po 75g glukozy (3pkt.) (INSUL_2),Insulin_Fasting,float64,μU/mL,['merged into insulin_120min_3pt_uU_ml'],False,435.0,74.96117647058823,60.6,[],insulin_120min_3pt_uU_ml,6.51,221,1331,194,False,"['Has 221 values, but 0 in Control', 'MANUAL CORRECTION: unified to μU/mL']",PCOS,Insulina po 75g glukozy (3pkt.) (INSUL_2),,False,35.5,101.0,merged,False,False,False
"Insulina po obciążeniu 75 g glukozy 0,1,2,3 (L97 0m)",Insulin_Fasting,float64,μU/mL,['merged into insulin_fasting_uU_ml'],False,27.8,7.821686746987952,6.6,[],insulin_fasting_uU_ml,1.8,83,1331,62,False,"['Has 83 values, but 0 in Control', 'MANUAL CORRECTION: unified to μU/mL']",PCOS,"Insulina po obciążeniu 75 g glukozy 0,1,2,3 (L97 0m)",,False,4.75,9.6,merged,False,False,False
"Insulina po obciążeniu 75 g glukozy 0,1,2,3 (L97 120m)",Insulin_Fasting,float64,μU/mL,['merged into insulin_120min_4pt_uU_ml'],False,239.5,47.93012048192771,32.6,[],insulin_120min_4pt_uU_ml,8.6,83,1331,75,False,"['Has 83 values, but 0 in Control', 'MANUAL CORRECTION: unified to μU/mL']",PCOS,"Insulina po obciążeniu 75 g glukozy 0,1,2,3 (L97 120m)",,False,19.7,55.0,merged,False,False,False
"Insulina po obciążeniu 75 g glukozy 0,1,2,3 (L97 30m)",Insulin_Fasting,float64,μU/mL,['merged into insulin_30min_uU_ml'],False,347.1,59.01445783132531,46.7,[],insulin_30min_uU_ml,7.5,83,1331,81,False,"['Has 83 values, but 0 in Control', 'MANUAL CORRECTION: unified to μU/mL']",PCOS,"Insulina po obciążeniu 75 g glukozy 0,1,2,3 (L97 30m)",,False,32.65,66.35,merged,False,False,False
"Insulina po obciążeniu 75 g glukozy 0,1,2,3 (L97 60m)",Insulin_Fasting,float64,μU/mL,['merged into insulin_60min_4pt_uU_ml'],False,299.3,52.8867469879518,36.0,[],insulin_60min_4pt_uU_ml,9.0,83,1331,79,False,"['Has 83 values, but 0 in Control', 'MANUAL CORRECTION: unified to μU/mL']",PCOS,"Insulina po obciążeniu 75 g glukozy 0,1,2,3 (L97 60m)",,False,23.75,57.15,merged,False,False,False
"Insulina po obciążeniu 75 g glukozy 0,1,2,3 (L97_0)",Insulin_Fasting,float64,μU/mL,['merged into insulin_fasting_uU_ml'],False,21.1,6.70483870967742,6.25,[],insulin_fasting_uU_ml,1.9,62,1331,45,False,"['Has 62 values, but 0 in Control', 'MANUAL CORRECTION: unified to μU/mL']",PCOS,"Insulina po obciążeniu 75 g glukozy 0,1,2,3 (L97_0)",,False,3.9,7.45,merged,False,False,False
"Insulina po obciążeniu 75 g glukozy 0,1,2,3 (L97_1)",Insulin_Fasting,float64,μU/mL,['merged into insulin_30min_uU_ml'],False,250.6,56.29016393442623,42.0,[],insulin_30min_uU_ml,3.2,61,1331,60,False,"['Has 61 values, but 0 in Control', 'MANUAL CORRECTION: unified to μU/mL']",PCOS,"Insulina po obciążeniu 75 g glukozy 0,1,2,3 (L97_1)",,False,29.4,73.2,merged,False,False,False
"Insulina po obciążeniu 75 g glukozy 0,1,2,3 (L97_2)",Insulin_Fasting,float64,μU/mL,['merged into insulin_60min_4pt_uU_ml'],False,203.1,49.777419354838706,35.5,[],insulin_60min_4pt_uU_ml,8.6,62,1331,62,False,"['Has 62 values, but 0 in Control', 'MANUAL CORRECTION: unified to μU/mL']",PCOS,"Insulina po obciążeniu 75 g glukozy 0,1,2,3 (L97_2)",,False,26.525,60.5,merged,False,False,False
"Jonogram (Sód, potas, chlorki) (L_CI)",Electrolytes,float64,mmol/L,[],False,108.7,103.90476190476193,103.95,[],,99.3,84,1331,48,False,"['Has 84 values, but 0 in Control', 'MANUAL UNIT ASSIGNMENT: None → mmol/L']",PCOS,"Jonogram (Sód, potas, chlorki) (L_CI)",,False,102.875,105.225,,False,False,True
"Jonogram (Sód, potas, chlorki) (L_K)",Electrolytes,float64,mmol/L,[],False,5.27,4.516904761904762,4.555,[],,3.58,84,1331,65,False,"['Has 84 values, but 0 in Control', 'MANUAL UNIT ASSIGNMENT: None → mmol/L']",PCOS,"Jonogram (Sód, potas, chlorki) (L_K)",,False,4.275,4.8025,,False,False,True
"Jonogram (Sód, potas, chlorki) (L_NA)",Electrolytes,float64,mmol/L,[],False,145.0,140.06785714285715,140.14999999999998,[],,135.1,84,1331,50,False,"['Has 84 values, but 0 in Control', 'MANUAL UNIT ASSIGNMENT: None → mmol/L']",PCOS,"Jonogram (Sód, potas, chlorki) (L_NA)",,False,138.9,141.3,,False,False,True
Kortyzol godz. 08:00 (KOR),Cortisol_8AM,float64,μg/dL,['merged into cortisol_8am_ug_dL'],False,32.47,12.946399141630902,12.8,[],cortisol_8am_ug_dL,0.05,1165,1331,470,False,"['Has 1165 values, but 0 in Control']",PCOS,Kortyzol godz. 08:00 (KOR),,False,9.91,15.6,merged,False,False,False
Kortyzol godz. 23:00 (KOR23),Cortisol_11PM,float64,μg/dL,[],False,24.2,3.066469580119966,2.25,[],,0.43,1167,1331,521,False,"['Has 1167 values, but 0 in Control', 'MANUAL UNIT ASSIGNMENT: None → μg/dL']",PCOS,Kortyzol godz. 23:00 (KOR23),,False,1.41,3.665,,False,False,True
Kortyzol na czczo (KORCZ),Cortisol_8AM,float64,,['N=1 < 10 - automatic exclusion'],False,15.83,15.83,15.83,[],,15.83,1,1331,1,False,"['Has 1 values, but 0 in Control', 'Only 1 non-null values']",PCOS,Kortyzol na czczo (KORCZ),,False,15.83,15.83,exclude,True,False,False
Kortyzol po Dexamethasonie (KORD),Cortisol_Dexamethasone,float64,μg/dL,[],False,9.245,0.79617903930131,0.58,[],,0.25,229,1331,84,False,"['Has 229 values, but 0 in Control', 'MANUAL UNIT ASSIGNMENT: None → μg/dL']",PCOS,Kortyzol po Dexamethasonie (KORD),,False,0.49,0.75,,False,False,True
Kortyzol po Dexamethasonie [1mg] (KORD),Cortisol_Dexamethasone,float64,μg/dL,[],False,14.2,0.7639,0.58,[],,0.26,400,1331,94,False,"['Has 400 values, but 0 in Control', 'MANUAL UNIT ASSIGNMENT: None → μg/dL']",PCOS,Kortyzol po Dexamethasonie [1mg] (KORD),,False,0.47,0.7124999999999999,,False,False,True
Kortyzol po Dexamethasonie [2mg] (KOR2DXM),Cortisol_Dexamethasone,float64,μg/dL,[],False,2.7,0.6379143389199255,0.59,[],,0.2,537,1331,102,False,"['Has 537 values, but 0 in Control', 'MANUAL UNIT ASSIGNMENT: None → μg/dL']",PCOS,Kortyzol po Dexamethasonie [2mg] (KOR2DXM),,False,0.49,0.71,,False,False,True
Kortyzol po Dexamethasonie [4mg] (KOR4DXM),Cortisol_Dexamethasone,float64,,['N=3 < 10 - automatic exclusion'],False,0.56,0.4766666666666666,0.46,[],,0.41,3,1331,3,False,"['Has 3 values, but 0 in Control', 'Only 3 non-null values']",PCOS,Kortyzol po Dexamethasonie [4mg] (KOR4DXM),,False,0.435,0.51,exclude,True,False,False
Kreatynina (KREAT),Creatinine,float64,mg/dL,[],False,1.11,0.7865486725663716,0.78,[],,0.49,113,1331,38,False,"['Has 113 values, but 0 in Control', 'MANUAL UNIT ASSIGNMENT: None → mg/dL']",PCOS,Kreatynina (KREAT),,False,0.73,0.87,,False,False,True
Krzywa cukrowa - 2 punktowa (GLU120),Glucose_OGTT,float64,mg/dL,[],False,270.0,111.17545691906005,107.0,[],,42.2,1149,1331,344,False,"['Has 1149 values, but 0 in Control', 'MANUAL UNIT ASSIGNMENT: None → mg/dL']",PCOS,Krzywa cukrowa - 2 punktowa (GLU120),,False,91.1,125.0,,False,False,True
Krzywa cukrowa - 2 punktowa (L_GLU_0),Glucose_Fasting,float64,mg/dL,['merged into glucose_fasting_mg_dL'],False,108.0,84.32891304347827,83.85,[],glucose_fasting_mg_dL,51.9,1150,1331,252,False,"['Has 1150 values, but 0 in Control']",PCOS,Krzywa cukrowa - 2 punktowa (L_GLU_0),,False,80.3,88.0,merged,False,False,False
LDL cholesterol (LDL),LDL,float64,mg/dL,[],False,239.0,91.55784431137724,88.58,[],,20.3,1169,1331,916,False,"['Has 1169 values, but 0 in Control']",PCOS,LDL cholesterol (LDL),,False,72.4,107.98,,False,False,True
LH (LH),LH,float64,IU/L,['merged into lh_iu_l'],False,35.5,8.390445205479454,7.04,[],lh_iu_l,0.1,1168,1331,694,False,"['Has 1168 values, but 0 in Control']",PCOS,LH (LH),,False,4.907500000000001,10.2475,merged,False,False,False
LH 0' 30' 60' (LH0),LH,float64,,"['N=15 between 10 and 30 - needs manual verification', 'Manual decision: excluded after review (N=15 between 10-30)']",False,6.7,2.3446666666666673,1.48,[],,0.3,15,1331,14,False,"['Has 15 values, but 0 in Control', 'Only 15 non-null values - consider if useful for subgroup analysis', 'Manual exclude decision - insufficient data or better alternatives exist']",PCOS,LH 0' 30' 60' (LH0),,False,0.88,3.9800000000000004,exclude,True,False,False
LH 0' 30' 60' (L_LH30),LH,float64,,"['N=15 between 10 and 30 - needs manual verification', 'Manual decision: excluded after review (N=15 between 10-30)']",False,64.23,18.164,16.0,[],,4.21,15,1331,15,False,"['Has 15 values, but 0 in Control', 'Only 15 non-null values - consider if useful for subgroup analysis', 'Manual exclude decision - insufficient data or better alternatives exist']",PCOS,LH 0' 30' 60' (L_LH30),,False,7.295,19.66,exclude,True,False,False
LH 0' 30' 60' (L_LH60),LH,float64,,"['N=15 between 10 and 30 - needs manual verification', 'Manual decision: excluded after review (N=15 between 10-30)']",False,47.73,15.404666666666666,14.1,[],,3.8,15,1331,15,False,"['Has 15 values, but 0 in Control', 'Only 15 non-null values - consider if useful for subgroup analysis', 'Manual exclude decision - insufficient data or better alternatives exist']",PCOS,LH 0' 30' 60' (L_LH60),,False,7.32,17.35,exclude,True,False,False
LH IU/l,LH,float64,IU/L,['merged into lh_iu_l'],False,12.6,7.219777777777776,6.93,[],lh_iu_l,1.73,45,1331,45,False,"['Has 45 values, but 0 in PCOS']",Control_no_PCOS,LH IU/l,,False,5.39,8.7,merged,False,False,False
Limf 10^3/uL,Lymphocytes,float64,10^3/uL,['merged into lymphocytes_abs_10_3_uL'],False,3.07,1.8882222222222225,1.88,[],lymphocytes_abs_10_3_uL,0.62,45,1331,39,False,"['Has 45 values, but 0 in PCOS']",Control_no_PCOS,Limf 10^3/uL,,False,1.57,2.11,merged,False,False,False
MDRD GFR (MDRD),GFR_MDRD,float64,,['no variance - only 1 unique value (constant: 60.0)'],False,60.0,60.0,60.0,[],,60.0,104,1331,1,True,"['Has 104 values, but 0 in Control']",PCOS,MDRD GFR (MDRD),,False,60.0,60.0,exclude,False,False,False
MPV fL,MPV,float64,fL,['merged into mpv_fL'],False,13.3,10.684444444444443,10.6,[],mpv_fL,8.7,45,1331,26,False,"['Has 45 values, but 0 in PCOS']",Control_no_PCOS,MPV fL,,False,10.1,11.2,merged,False,False,False
Mocz - badanie ogólne (MBARWA),Urinalysis,str,,['N=7 < 10 - automatic exclusion'],False,,,,[],,,7,1331,2,False,"['Has 7 values, but 0 in Control', 'Only 7 non-null values']",PCOS,Mocz - badanie ogólne (MBARWA),,False,,,exclude,True,False,False
Mocz - badanie ogólne (MBIALK),Urinalysis,str,,['N=7 < 10 - automatic exclusion'],False,,,,[],,,7,1331,2,False,"['Has 7 values, but 0 in Control', 'Only 7 non-null values']",PCOS,Mocz - badanie ogólne (MBIALK),,False,,,exclude,True,False,False
Mocz - badanie ogólne (MBILI),Urinalysis,str,,['N=7 < 10 - automatic exclusion'],False,,,,[],,,7,1331,2,False,"['Has 7 values, but 0 in Control', 'Only 7 non-null values']",PCOS,Mocz - badanie ogólne (MBILI),,False,,,exclude,True,False,False
Mocz - badanie ogólne (MCIEZA),Urinalysis,float64,,['N=7 < 10 - automatic exclusion'],False,1025.0,292.8675,1.0175,[],,1.01,7,1331,6,False,"['Has 7 values, but 0 in Control', 'Only 7 non-null values']",PCOS,Mocz - badanie ogólne (MCIEZA),,False,1.0125,510.51,exclude,True,False,False
Mocz - badanie ogólne (MCUKIE),Urinalysis,str,,['N=7 < 10 - automatic exclusion'],False,,,,[],,,7,1331,1,False,"['Has 7 values, but 0 in Control', 'Only 7 non-null values']",PCOS,Mocz - badanie ogólne (MCUKIE),,False,,,exclude,True,False,False
Mocz - badanie ogólne (MERY),Urinalysis,str,,['N=7 < 10 - automatic exclusion'],False,,,,[],,,7,1331,4,False,"['Has 7 values, but 0 in Control', 'Only 7 non-null values']",PCOS,Mocz - badanie ogólne (MERY),,False,,,exclude,True,False,False
Mocz - badanie ogólne (MKETON),Urinalysis,str,,['N=7 < 10 - automatic exclusion'],False,,,,[],,,7,1331,1,False,"['Has 7 values, but 0 in Control', 'Only 7 non-null values']",PCOS,Mocz - badanie ogólne (MKETON),,False,,,exclude,True,False,False
Mocz - badanie ogólne (MLEU),Urinalysis,str,,['N=7 < 10 - automatic exclusion'],False,,,,[],,,7,1331,4,False,"['Has 7 values, but 0 in Control', 'Only 7 non-null values']",PCOS,Mocz - badanie ogólne (MLEU),,False,,,exclude,True,False,False
Mocz - badanie ogólne (MNIT),Urinalysis,str,,['N=7 < 10 - automatic exclusion'],False,,,,[],,,7,1331,2,False,"['Has 7 values, but 0 in Control', 'Only 7 non-null values']",PCOS,Mocz - badanie ogólne (MNIT),,False,,,exclude,True,False,False
Mocz - badanie ogólne (MOSAD),Urinalysis,float64,,['N=0 - completely empty column (no data)'],False,,,,[],,,0,1331,0,False,['No non-null values at all'],,Mocz - badanie ogólne (MOSAD),,False,,,exclude,True,False,False
Mocz - badanie ogólne (MPH),Urinalysis,float64,,['N=7 < 10 - automatic exclusion'],False,7.0,6.071428571428571,6.0,[],,5.0,7,1331,4,False,"['Has 7 values, but 0 in Control', 'Only 7 non-null values']",PCOS,Mocz - badanie ogólne (MPH),,False,5.5,6.75,exclude,True,False,False
Mocz - badanie ogólne (MPRZEJ),Urinalysis,str,,['N=7 < 10 - automatic exclusion'],False,,,,[],,,7,1331,3,False,"['Has 7 values, but 0 in Control', 'Only 7 non-null values']",PCOS,Mocz - badanie ogólne (MPRZEJ),,False,,,exclude,True,False,False
Mocz - badanie ogólne (MUROBI),Urinalysis,str,,['N=7 < 10 - automatic exclusion'],False,,,,[],,,7,1331,1,False,"['Has 7 values, but 0 in Control', 'Only 7 non-null values']",PCOS,Mocz - badanie ogólne (MUROBI),,False,,,exclude,True,False,False
Morfologia CBC (HCT),Hematocrit,float64,%,['merged into hematocrit_percent'],False,45.9,38.95454545454545,38.55,[],hematocrit_percent,31.7,44,1331,39,False,"['Has 44 values, but 0 in Control']",PCOS,Morfologia CBC (HCT),,False,37.175000000000004,40.95,merged,False,False,False
Morfologia CBC (HGB),Hemoglobin,float64,g/dL,['merged into hemoglobin_g_dL'],False,15.5,12.884090909090908,12.850000000000001,[],hemoglobin_g_dL,9.1,44,1331,25,False,"['Has 44 values, but 0 in Control']",PCOS,Morfologia CBC (HGB),,False,12.149999999999999,13.4,merged,False,False,False
Morfologia CBC (MCH),MCH,float64,pg,['merged into mch_pg'],False,32.7,28.720454545454547,29.05,[],mch_pg,20.5,44,1331,32,False,"['Has 44 values, but 0 in Control', 'MANUAL UNIT ASSIGNMENT: None → pg']",PCOS,Morfologia CBC (MCH),,False,27.525000000000002,29.9,merged,False,False,False
Morfologia CBC (MCHC),MCHC,float64,g/dL,['merged into mchc_g_dL'],False,37.0,33.05227272727272,32.95,[],mchc_g_dL,28.7,44,1331,26,False,"['Has 44 values, but 0 in Control', 'MANUAL CORRECTION: changed from MCH to MCHC', 'MANUAL UNIT ASSIGNMENT: None → g/dL']",PCOS,Morfologia CBC (MCHC),,False,32.275,33.625,merged,False,False,False
Morfologia CBC (MCV),MCV,float64,fL,['merged into mcv_fL'],False,94.8,86.82272727272726,86.8,[],mcv_fL,71.6,44,1331,39,False,"['Has 44 values, but 0 in Control', 'MANUAL UNIT ASSIGNMENT: None → fL']",PCOS,Morfologia CBC (MCV),,False,83.675,90.45,merged,False,False,False
Morfologia CBC (MPV),MPV,float64,fL,['merged into mpv_fL'],False,12.9,10.452272727272726,10.4,[],mpv_fL,8.8,44,1331,21,False,"['Has 44 values, but 0 in Control', 'MANUAL UNIT ASSIGNMENT: None → fL']",PCOS,Morfologia CBC (MPV),,False,9.8,11.025,merged,False,False,False
Morfologia CBC (NRBC_B),NRBC,str,,"['contains commas (Polish decimal) - 44 occurrences', 'no variance - only 1 unique value (constant: 0,00)']",True,,,,[],,,44,1331,1,True,"['Has 44 values, but 0 in Control', 'MANUAL CORRECTION: changed from RBC to NRBC', 'Formatting errors: contains commas (Polish decimal) - 44 occurrences', 'Data cleaning decision needed: contains commas (Polish decimal) + problematic value ""0,00 | 0,01""', ""Problematic sample values: ['0,00', '0,00', '0,00', '0,00 | 0,01', '0,00']""]",PCOS,Morfologia CBC (NRBC_B),,False,,,exclude,False,False,False
Morfologia CBC (NRBC_P),NRBC,str,,"['contains commas (Polish decimal) - 44 occurrences', 'no variance - only 1 unique value (constant: 0,00)']",True,,,,[],,,44,1331,1,True,"['Has 44 values, but 0 in Control', 'MANUAL CORRECTION: changed from RBC to NRBC', 'Formatting errors: contains commas (Polish decimal) - 44 occurrences', 'Data cleaning decision needed: contains commas (Polish decimal)', ""Problematic sample values: ['0,00', '0,00', '0,00', '0,00', '0,00']""]",PCOS,Morfologia CBC (NRBC_P),,False,,,exclude,False,False,False
Morfologia CBC (PCT),MPV,float64,%,['merged into pct_percent'],False,0.45,0.2895454545454546,0.28,[],pct_percent,0.19,44,1331,20,False,"['Has 44 values, but 0 in Control', 'MANUAL UNIT ASSIGNMENT: None → %']",PCOS,Morfologia CBC (PCT),,False,0.24,0.3225,merged,False,False,False
Morfologia CBC (PDW),MPV,float64,fL,['merged into pdw_fL'],False,19.1,12.1,11.95,[],pdw_fL,8.7,44,1331,29,False,"['Has 44 values, but 0 in Control', 'MANUAL UNIT ASSIGNMENT: None → fL']",PCOS,Morfologia CBC (PDW),,False,10.875,13.5,merged,False,False,False
Morfologia CBC (PLCR),MPV,float64,%,['merged into plcr_percent'],False,48.6,28.629545454545454,28.35,[],plcr_percent,14.5,44,1331,42,False,"['Has 44 values, but 0 in Control', 'MANUAL UNIT ASSIGNMENT: None → %']",PCOS,Morfologia CBC (PLCR),,False,23.224999999999998,33.65,merged,False,False,False
Morfologia CBC (PLT),Platelets,float64,10^3/uL,['merged into platelets_10_3_uL'],False,432.0,278.5,266.5,[],platelets_10_3_uL,169.0,44,1331,40,False,"['Has 44 values, but 0 in Control']",PCOS,Morfologia CBC (PLT),,False,239.0,328.5,merged,False,False,False
Morfologia CBC (RBC),RBC,float64,10^6/uL,['merged into rbc_10_6_uL'],False,5.53,4.4952272727272735,4.445,[],rbc_10_6_uL,3.83,44,1331,37,False,"['Has 44 values, but 0 in Control', 'MANUAL CORRECTION: set to 10^6/uL']",PCOS,Morfologia CBC (RBC),,False,4.25,4.74,merged,False,False,False
Morfologia CBC (RDW),RDW,float64,%,['merged into rdw_percent'],False,17.6,13.000000000000002,12.55,[],rdw_percent,10.6,44,1331,27,False,"['Has 44 values, but 0 in Control', 'MANUAL UNIT ASSIGNMENT: None → %']",PCOS,Morfologia CBC (RDW),,False,12.2,13.325,merged,False,False,False
Morfologia CBC (RDWSD),RDW,float64,fL,['merged into rdwsd_fL'],False,52.1,41.02499999999999,40.25,[],rdwsd_fL,36.1,44,1331,39,False,"['Has 44 values, but 0 in Control', 'MANUAL UNIT ASSIGNMENT: None → fL']",PCOS,Morfologia CBC (RDWSD),,False,38.9,42.8,merged,False,False,False
Morfologia CBC (WBC),WBC,float64,10^3/uL,['merged into wbc_10_3_uL'],False,13.49,6.7947727272727265,6.395,[],wbc_10_3_uL,3.77,44,1331,42,False,"['Has 44 values, but 0 in Control']",PCOS,Morfologia CBC (WBC),,False,5.6075,7.824999999999999,merged,False,False,False
"Morfologia krwi, z pełnym różnicowaniem granulocytów (leukocytów) z rozmazem - 5 Diff (BASO)",Basophils,float64,%,[],False,2.3,0.6694783573806881,0.7,[],,0.0,901,1331,22,False,"['Has 901 values, but 0 in Control', 'MANUAL UNIT ASSIGNMENT: None → 10^3/uL', 'MANUAL CORRECTION: BASO/BASOB swapped. 10^3/uL → %']",PCOS,"Morfologia krwi, z pełnym różnicowaniem granulocytów (leukocytów) z rozmazem - 5 Diff (BASO)",,False,0.5,0.8,,False,False,True
"Morfologia krwi, z pełnym różnicowaniem granulocytów (leukocytów) z rozmazem - 5 Diff (BASOB)",Basophils,float64,10^3/uL,[],False,0.13,0.04261376248612653,0.04,[],,0.0,901,1331,14,False,"['Has 901 values, but 0 in Control', 'MANUAL UNIT ASSIGNMENT: None → %', 'MANUAL CORRECTION: BASO/BASOB swapped. % → 10^3/uL']",PCOS,"Morfologia krwi, z pełnym różnicowaniem granulocytów (leukocytów) z rozmazem - 5 Diff (BASOB)",,False,0.03,0.05,,False,False,True
"Morfologia krwi, z pełnym różnicowaniem granulocytów (leukocytów) z rozmazem - 5 Diff (EOS#)",Eosinophils,float64,10^3/uL,[],False,1.15,0.1868442471328154,0.16,[],,0.0,901,1331,69,False,"['Has 901 values, but 0 in Control', 'MANUAL UNIT ASSIGNMENT: None → 10^3/uL']",PCOS,"Morfologia krwi, z pełnym różnicowaniem granulocytów (leukocytów) z rozmazem - 5 Diff (EOS#)",,False,0.11,0.23,,False,False,True
"Morfologia krwi, z pełnym różnicowaniem granulocytów (leukocytów) z rozmazem - 5 Diff (EOS)",Eosinophils,float64,%,[],False,15.9,2.9208287088420275,2.5,[],,0.0,901,1331,95,False,"['Has 901 values, but 0 in Control', 'MANUAL UNIT ASSIGNMENT: None → %']",PCOS,"Morfologia krwi, z pełnym różnicowaniem granulocytów (leukocytów) z rozmazem - 5 Diff (EOS)",,False,1.7,3.6,,False,False,True
"Morfologia krwi, z pełnym różnicowaniem granulocytów (leukocytów) z rozmazem - 5 Diff (HCT)",Hematocrit,float64,%,['merged into hematocrit_percent'],False,49.6,40.29282278949316,40.3,[],hematocrit_percent,30.0,901,1331,142,False,"['Has 901 values, but 0 in Control']",PCOS,"Morfologia krwi, z pełnym różnicowaniem granulocytów (leukocytów) z rozmazem - 5 Diff (HCT)",,False,38.4,42.2,merged,False,False,False
"Morfologia krwi, z pełnym różnicowaniem granulocytów (leukocytów) z rozmazem - 5 Diff (HGB)",Hemoglobin,float64,g/dL,['merged into hemoglobin_g_dL'],False,16.3,13.263522012578617,13.3,[],hemoglobin_g_dL,8.4,901,1331,60,False,"['Has 901 values, but 0 in Control']",PCOS,"Morfologia krwi, z pełnym różnicowaniem granulocytów (leukocytów) z rozmazem - 5 Diff (HGB)",,False,12.6,13.9,merged,False,False,False
"Morfologia krwi, z pełnym różnicowaniem granulocytów (leukocytów) z rozmazem - 5 Diff (IG_B)",Immature_Granulocytes,float64,10^3/uL,[],False,0.09,0.01597669256381798,0.01,[],,0.0,901,1331,11,False,"['Has 901 values, but 0 in Control', 'MANUAL UNIT ASSIGNMENT: None → 10^3/uL']",PCOS,"Morfologia krwi, z pełnym różnicowaniem granulocytów (leukocytów) z rozmazem - 5 Diff (IG_B)",,False,0.01,0.02,,False,False,True
"Morfologia krwi, z pełnym różnicowaniem granulocytów (leukocytów) z rozmazem - 5 Diff (IG_P)",Immature_Granulocytes,float64,%,[],False,1.0,0.24150943396226418,0.2,[],,0.0,901,1331,11,False,"['Has 901 values, but 0 in Control', 'MANUAL UNIT ASSIGNMENT: None → %']",PCOS,"Morfologia krwi, z pełnym różnicowaniem granulocytów (leukocytów) z rozmazem - 5 Diff (IG_P)",,False,0.2,0.3,,False,False,True
"Morfologia krwi, z pełnym różnicowaniem granulocytów (leukocytów) z rozmazem - 5 Diff (LIM#)",Lymphocytes,float64,10^3/uL,['merged into lymphocytes_abs_10_3_uL'],False,5.19,2.6118054014058454,2.56,[],lymphocytes_abs_10_3_uL,0.59,901,1331,261,False,"['Has 901 values, but 0 in Control', 'MANUAL UNIT ASSIGNMENT: None → 10^3/uL']",PCOS,"Morfologia krwi, z pełnym różnicowaniem granulocytów (leukocytów) z rozmazem - 5 Diff (LIM#)",,False,2.21,3.0,merged,False,False,False
"Morfologia krwi, z pełnym różnicowaniem granulocytów (leukocytów) z rozmazem - 5 Diff (LIM)",Lymphocytes,float64,%,[],False,66.2,40.946540880503136,41.2,[],,11.2,901,1331,307,False,"['Has 901 values, but 0 in Control', 'MANUAL UNIT ASSIGNMENT: None → %']",PCOS,"Morfologia krwi, z pełnym różnicowaniem granulocytów (leukocytów) z rozmazem - 5 Diff (LIM)",,False,35.7,46.4,,False,False,True
"Morfologia krwi, z pełnym różnicowaniem granulocytów (leukocytów) z rozmazem - 5 Diff (MCH)",MCH,float64,pg,['merged into mch_pg'],False,34.7,29.691453940066594,29.9,[],mch_pg,20.0,901,1331,96,False,"['Has 901 values, but 0 in Control', 'MANUAL UNIT ASSIGNMENT: None → pg']",PCOS,"Morfologia krwi, z pełnym różnicowaniem granulocytów (leukocytów) z rozmazem - 5 Diff (MCH)",,False,28.8,30.7,merged,False,False,False
"Morfologia krwi, z pełnym różnicowaniem granulocytów (leukocytów) z rozmazem - 5 Diff (MCHC)",MCHC,float64,g/dL,['merged into mchc_g_dL'],False,36.1,32.915538290788014,32.9,[],mchc_g_dL,27.8,901,1331,60,False,"['Has 901 values, but 0 in Control', 'MANUAL CORRECTION: changed from MCH to MCHC', 'MANUAL UNIT ASSIGNMENT: None → g/dL']",PCOS,"Morfologia krwi, z pełnym różnicowaniem granulocytów (leukocytów) z rozmazem - 5 Diff (MCHC)",,False,32.3,33.5,merged,False,False,False
"Morfologia krwi, z pełnym różnicowaniem granulocytów (leukocytów) z rozmazem - 5 Diff (MCV)",MCV,float64,fL,['merged into mcv_fL'],False,100.9,90.17114317425083,90.4,[],mcv_fL,71.7,901,1331,181,False,"['Has 901 values, but 0 in Control', 'MANUAL UNIT ASSIGNMENT: None → fL']",PCOS,"Morfologia krwi, z pełnym różnicowaniem granulocytów (leukocytów) z rozmazem - 5 Diff (MCV)",,False,87.8,92.7,merged,False,False,False
"Morfologia krwi, z pełnym różnicowaniem granulocytów (leukocytów) z rozmazem - 5 Diff (MON#)",Monocytes,float64,10^3/uL,[],False,1.24,0.5576415094339623,0.55,[],,0.22,901,1331,80,False,"['Has 901 values, but 0 in Control', 'MANUAL UNIT ASSIGNMENT: None → 10^3/uL']",PCOS,"Morfologia krwi, z pełnym różnicowaniem granulocytów (leukocytów) z rozmazem - 5 Diff (MON#)",,False,0.46,0.64,,False,False,True
"Morfologia krwi, z pełnym różnicowaniem granulocytów (leukocytów) z rozmazem - 5 Diff (MON)",Monocytes,float64,%,[],False,16.4,8.722308546059933,8.6,[],,4.4,901,1331,96,False,"['Has 901 values, but 0 in Control', 'MANUAL UNIT ASSIGNMENT: None → %']",PCOS,"Morfologia krwi, z pełnym różnicowaniem granulocytów (leukocytów) z rozmazem - 5 Diff (MON)",,False,7.4,9.9,,False,False,True
"Morfologia krwi, z pełnym różnicowaniem granulocytów (leukocytów) z rozmazem - 5 Diff (MPV)",MPV,float64,fL,['merged into mpv_fL'],False,13.8,10.522456529781724,10.4,[],mpv_fL,8.5,901,1331,50,False,"['Has 901 values, but 0 in Control', 'MANUAL UNIT ASSIGNMENT: None → fL']",PCOS,"Morfologia krwi, z pełnym różnicowaniem granulocytów (leukocytów) z rozmazem - 5 Diff (MPV)",,False,9.8,11.1,merged,False,False,False
"Morfologia krwi, z pełnym różnicowaniem granulocytów (leukocytów) z rozmazem - 5 Diff (NEUT#)",Neutrophils,float64,10^3/uL,['merged into neutrophils_abs_10_3_uL'],False,9.67,3.06866444691084,2.87,[],neutrophils_abs_10_3_uL,0.78,901,1331,347,False,"['Has 901 values, but 0 in Control', 'MANUAL UNIT ASSIGNMENT: None → 10^3/uL']",PCOS,"Morfologia krwi, z pełnym różnicowaniem granulocytów (leukocytów) z rozmazem - 5 Diff (NEUT#)",,False,2.3,3.62,merged,False,False,False
"Morfologia krwi, z pełnym różnicowaniem granulocytów (leukocytów) z rozmazem - 5 Diff (NEUT)",Neutrophils,float64,%,[],False,79.2,46.499926008139106,46.4,[],,22.8,901,1331,314,False,"['Has 901 values, but 0 in Control', 'MANUAL UNIT ASSIGNMENT: None → %']",PCOS,"Morfologia krwi, z pełnym różnicowaniem granulocytów (leukocytów) z rozmazem - 5 Diff (NEUT)",,False,40.9,51.8,,False,False,True
"Morfologia krwi, z pełnym różnicowaniem granulocytów (leukocytów) z rozmazem - 5 Diff (NRBC_B)",NRBC,str,,['contains commas (Polish decimal) - 901 occurrences'],True,,,,[],,,901,1331,4,False,"['Has 901 values, but 0 in Control', 'MANUAL CORRECTION: changed from RBC to NRBC', 'Formatting errors: contains commas (Polish decimal) - 901 occurrences', 'Data cleaning decision needed: contains commas (Polish decimal) + problematic value ""0,00 | 0,01""', ""Problematic sample values: ['0,00', '0,00', '0,00', '0,00', '0,00']""]",PCOS,"Morfologia krwi, z pełnym różnicowaniem granulocytów (leukocytów) z rozmazem - 5 Diff (NRBC_B)",,False,,,decision_needed,False,False,True
"Morfologia krwi, z pełnym różnicowaniem granulocytów (leukocytów) z rozmazem - 5 Diff (NRBC_P)",NRBC,str,,['contains commas (Polish decimal) - 902 occurrences'],True,,,,[],,,902,1331,6,False,"['Has 902 values, but 0 in Control', 'MANUAL CORRECTION: changed from RBC to NRBC', 'Formatting errors: contains commas (Polish decimal) - 902 occurrences', 'Data cleaning decision needed: contains commas (Polish decimal) + problematic value ""0,00 | 0,01""', ""Problematic sample values: ['0,00', '0,00', '0,00', '0,00', '0,00']""]",PCOS,"Morfologia krwi, z pełnym różnicowaniem granulocytów (leukocytów) z rozmazem - 5 Diff (NRBC_P)",,False,,,decision_needed,False,False,True
"Morfologia krwi, z pełnym różnicowaniem granulocytów (leukocytów) z rozmazem - 5 Diff (PCT)",MPV,float64,%,['merged into pct_percent'],False,0.56,0.27467813540510544,0.27,[],pct_percent,0.14,901,1331,35,False,"['Has 901 values, but 0 in Control', 'MANUAL UNIT ASSIGNMENT: None → %']",PCOS,"Morfologia krwi, z pełnym różnicowaniem granulocytów (leukocytów) z rozmazem - 5 Diff (PCT)",,False,0.24,0.31,merged,False,False,False
"Morfologia krwi, z pełnym różnicowaniem granulocytów (leukocytów) z rozmazem - 5 Diff (PDW)",MPV,float64,fL,['merged into pdw_fL'],False,21.9,12.306836659275683,12.1,[],pdw_fL,8.4,902,1331,97,False,"['Has 902 values, but 0 in Control', 'MANUAL UNIT ASSIGNMENT: None → fL']",PCOS,"Morfologia krwi, z pełnym różnicowaniem granulocytów (leukocytów) z rozmazem - 5 Diff (PDW)",,False,10.9,13.4,merged,False,False,False
"Morfologia krwi, z pełnym różnicowaniem granulocytów (leukocytów) z rozmazem - 5 Diff (PLCR)",MPV,float64,%,['merged into plcr_percent'],False,54.5,29.11624121346652,28.7,[],plcr_percent,11.7,901,1331,288,False,"['Has 901 values, but 0 in Control', 'MANUAL UNIT ASSIGNMENT: None → %']",PCOS,"Morfologia krwi, z pełnym różnicowaniem granulocytów (leukocytów) z rozmazem - 5 Diff (PLCR)",,False,23.4,33.6,merged,False,False,False
"Morfologia krwi, z pełnym różnicowaniem granulocytów (leukocytów) z rozmazem - 5 Diff (PLT)",Platelets,float64,10^3/uL,['merged into platelets_10_3_uL'],False,592.0,262.8472068072512,259.0,[],platelets_10_3_uL,122.0,901,1331,225,False,"['Has 901 values, but 0 in Control']",PCOS,"Morfologia krwi, z pełnym różnicowaniem granulocytów (leukocytów) z rozmazem - 5 Diff (PLT)",,False,226.0,298.0,merged,False,False,False
"Morfologia krwi, z pełnym różnicowaniem granulocytów (leukocytów) z rozmazem - 5 Diff (RBC)",RBC,float64,10^6/uL,['merged into rbc_10_6_uL'],False,5.65,4.475186829448761,4.47,[],rbc_10_6_uL,3.4,901,1331,165,False,"['Has 901 values, but 0 in Control', 'MANUAL CORRECTION: set to 10^6/uL']",PCOS,"Morfologia krwi, z pełnym różnicowaniem granulocytów (leukocytów) z rozmazem - 5 Diff (RBC)",,False,4.25,4.7,merged,False,False,False
"Morfologia krwi, z pełnym różnicowaniem granulocytów (leukocytów) z rozmazem - 5 Diff (RDW)",RDW,float64,%,['merged into rdw_percent'],False,19.9,12.741620421753606,12.6,[],rdw_percent,10.8,901,1331,56,False,"['Has 901 values, but 0 in Control', 'MANUAL UNIT ASSIGNMENT: None → %']",PCOS,"Morfologia krwi, z pełnym różnicowaniem granulocytów (leukocytów) z rozmazem - 5 Diff (RDW)",,False,12.1,13.1,merged,False,False,False
"Morfologia krwi, z pełnym różnicowaniem granulocytów (leukocytów) z rozmazem - 5 Diff (RDWSD)",RDW,float64,fL,['merged into rdwsd_fL'],False,60.5,42.020865704772476,41.6,[],rdwsd_fL,33.9,901,1331,133,False,"['Has 901 values, but 0 in Control', 'MANUAL UNIT ASSIGNMENT: None → fL']",PCOS,"Morfologia krwi, z pełnym różnicowaniem granulocytów (leukocytów) z rozmazem - 5 Diff (RDWSD)",,False,40.2,43.5,merged,False,False,False
"Morfologia krwi, z pełnym różnicowaniem granulocytów (leukocytów) z rozmazem - 5 Diff (WBC)",WBC,float64,10^3/uL,['merged into wbc_10_3_uL'],False,12.5,6.483518312985571,6.26,[],wbc_10_3_uL,2.25,901,1331,449,False,"['Has 901 values, but 0 in Control']",PCOS,"Morfologia krwi, z pełnym różnicowaniem granulocytów (leukocytów) z rozmazem - 5 Diff (WBC)",,False,5.48,7.3,merged,False,False,False
NLR,NLR,float64,,['N=0 - completely empty column (no data)'],False,,,,[],,,0,1331,0,False,['No non-null values at all'],,NLR,,False,,,exclude,True,False,False
Neu 10^3/uL,Neutrophils,float64,10^3/uL,['merged into neutrophils_abs_10_3_uL'],False,5.0,2.7588888888888885,2.61,[],neutrophils_abs_10_3_uL,1.21,45,1331,45,False,"['Has 45 values, but 0 in PCOS']",Control_no_PCOS,Neu 10^3/uL,,False,2.1,3.37,merged,False,False,False
Nr KG,Index,float64,,[],False,49493.0,21202.33825816485,20912.0,[],,56.0,1286,1331,1286,False,"['Used as identifier/grouping variable', 'Has 1286 values, but 0 in Control']",PCOS,Nr KG,,False,9899.75,31500.5,keep_as_index,False,False,True
P/c antytyreoglobulinowe (anty-Tg) (ANTYTG2),Anti_TG,float64,IU/mL,['merged into anti_tg_IU_mL'],False,1477.0,42.04516129032258,16.3,[],anti_tg_IU_mL,10.6,682,1331,215,False,"['Has 682 values, but 0 in Control', 'MANUAL UNIT ASSIGNMENT: None → IU/mL']",PCOS,P/c antytyreoglobulinowe (anty-Tg) (ANTYTG2),,False,14.6,18.7,merged,False,False,False
P/c przeciw GAD (p/c p. dekarbosylazie kwasu glutaminowego) (PCGAD),Anti_GAD,float64,,['N=2 < 10 - automatic exclusion'],False,5.0,5.0,5.0,[],,5.0,2,1331,1,False,"['Has 2 values, but 0 in Control', 'Only 2 non-null values']",PCOS,P/c przeciw GAD (p/c p. dekarbosylazie kwasu glutaminowego) (PCGAD),,False,5.0,5.0,exclude,True,False,False
P/c przeciw receptorowi TSH (TRAb) (O15) (TRAB),Thyroid_Autoantibodies,float64,,['N=2 < 10 - automatic exclusion'],False,6.69,3.745,3.745,[],,0.8,2,1331,2,False,"['Has 2 values, but 0 in Control', 'MANUAL CORRECTION: changed from TSH to Thyroid_Autoantibodies', 'Only 2 non-null values']",PCOS,P/c przeciw receptorowi TSH (TRAb) (O15) (TRAB),,False,2.2725,5.2175,exclude,True,False,False
P/c przeciw receptorowi TSH (TRAb) (TRAB_2),Thyroid_Autoantibodies,float64,,['N=5 < 10 - automatic exclusion'],False,0.94,0.8300000000000001,0.8,[],,0.8,5,1331,3,False,"['Has 5 values, but 0 in Control', 'MANUAL CORRECTION: changed from TSH to Thyroid_Autoantibodies', 'Only 5 non-null values']",PCOS,P/c przeciw receptorowi TSH (TRAb) (TRAB_2),,False,0.8,0.81,exclude,True,False,False
PLR,PLR,float64,,['N=0 - completely empty column (no data)'],False,,,,[],,,0,1331,0,False,['No non-null values at all'],,PLR,,False,,,exclude,True,False,False
PLT 10^3/uL,Platelets,float64,10^3/uL,['merged into platelets_10_3_uL'],False,381.0,247.06666666666666,236.0,[],platelets_10_3_uL,123.0,45,1331,40,False,"['Has 45 values, but 0 in PCOS']",Control_no_PCOS,PLT 10^3/uL,,False,213.0,275.0,merged,False,False,False
PRL 10:00 i 10:00 po PEG (PRL10),Prolactin,float64,,['N=1 < 10 - automatic exclusion'],False,34.05,34.05,34.05,[],,34.05,1,1331,1,False,"['Has 1 values, but 0 in Control', 'Only 1 non-null values']",PCOS,PRL 10:00 i 10:00 po PEG (PRL10),,False,34.05,34.05,exclude,True,False,False
PRL 10:00 i 10:00 po PEG (PRL10PEG),Prolactin,float64,,['N=1 < 10 - automatic exclusion'],False,22.4,22.4,22.4,[],,22.4,1,1331,1,False,"['Has 1 values, but 0 in Control', 'Only 1 non-null values']",PCOS,PRL 10:00 i 10:00 po PEG (PRL10PEG),,False,22.4,22.4,exclude,True,False,False
"PRL 10:00, 10:00 po PEG, 16:00 (PRL10)",Prolactin,float64,,"['N=25 between 10 and 30 - needs manual verification', 'Manual decision: excluded after review (N=25 between 10-30)']",False,83.5,34.1132,31.83,[],,7.2,25,1331,25,False,"['Has 25 values, but 0 in Control', 'Only 25 non-null values - consider if useful for subgroup analysis', 'Manual exclude decision - insufficient data or better alternatives exist']",PCOS,"PRL 10:00, 10:00 po PEG, 16:00 (PRL10)",,False,24.8,38.99,exclude,True,False,False
"PRL 10:00, 10:00 po PEG, 16:00 (PRL10PEG)",Prolactin,float64,,"['N=25 between 10 and 30 - needs manual verification', 'Manual decision: excluded after review (N=25 between 10-30)']",False,75.6,20.0908,14.43,[],,5.55,25,1331,25,False,"['Has 25 values, but 0 in Control', 'Only 25 non-null values - consider if useful for subgroup analysis', 'Manual exclude decision - insufficient data or better alternatives exist']",PCOS,"PRL 10:00, 10:00 po PEG, 16:00 (PRL10PEG)",,False,10.28,21.2,exclude,True,False,False
"PRL 10:00, 10:00 po PEG, 16:00 (PRL16)",Prolactin,float64,,"['N=23 between 10 and 30 - needs manual verification', 'Manual decision: excluded after review (N=23 between 10-30)']",False,61.2,27.67086956521739,27.3,[],,9.05,23,1331,23,False,"['Has 23 values, but 0 in Control', 'Only 23 non-null values - consider if useful for subgroup analysis', 'Manual exclude decision - insufficient data or better alternatives exist']",PCOS,"PRL 10:00, 10:00 po PEG, 16:00 (PRL16)",,False,18.1,33.4,exclude,True,False,False
PRL godz. 10:00 (PRL10),Prolactin,float64,ng/mL,['merged into prolactin_ng_ml'],False,72.7,11.38806008583691,10.2,[],prolactin_ng_ml,2.45,1165,1331,590,False,"['Has 1165 values, but 0 in Control']",PCOS,PRL godz. 10:00 (PRL10),,False,7.81,13.5,merged,False,False,False
PRL ng/ml,Prolactin,float64,ng/mL,['merged into prolactin_ng_ml'],False,35.0,17.49311111111111,16.7,[],prolactin_ng_ml,7.64,45,1331,39,False,"['Has 45 values, but 0 in PCOS']",Control_no_PCOS,PRL ng/ml,,False,13.3,22.7,merged,False,False,False
Procent odzysku prolaktyny po precypitacji (MAKROPRL),Prolactin,float64,,"['N=14 between 10 and 30 - needs manual verification', 'Manual decision: excluded after review (N=14 between 10-30)']",False,97.66,69.45714285714286,75.765,[],,20.91,14,1331,14,False,"['Has 14 values, but 0 in Control', 'Only 14 non-null values - consider if useful for subgroup analysis', 'Manual exclude decision - insufficient data or better alternatives exist']",PCOS,Procent odzysku prolaktyny po precypitacji (MAKROPRL),,False,50.4225,92.135,exclude,True,False,False
Protrombina (PT) (PTAKT),PT_APTT,float64,,['N=5 < 10 - automatic exclusion'],False,95.0,86.6,85.0,[],,78.0,5,1331,5,False,"['Has 5 values, but 0 in Control', 'Only 5 non-null values']",PCOS,Protrombina (PT) (PTAKT),,False,82.0,93.0,exclude,True,False,False
Protrombina (PT) (PTCZAS),PT_APTT,float64,,['N=5 < 10 - automatic exclusion'],False,13.6,13.0,13.0,[],,12.0,5,1331,5,False,"['Has 5 values, but 0 in Control', 'Only 5 non-null values']",PCOS,Protrombina (PT) (PTCZAS),,False,12.9,13.5,exclude,True,False,False
Protrombina (PT) (PTINR),PT_APTT,str,,['N=5 < 10 - automatic exclusion'],False,,,,[],,,5,1331,5,False,"['Has 5 values, but 0 in Control', 'Only 5 non-null values']",PCOS,Protrombina (PT) (PTINR),,False,,,exclude,True,False,False
Przyjęcie na oddział zlecający,Index,datetime64[us],,[],False,,,,[],,,1286,1331,1270,False,"['Has 1286 values, but 0 in Control']",PCOS,Przyjęcie na oddział zlecający,,False,,,,False,False,True
RDW %,RDW,float64,%,['merged into rdw_percent'],False,18.5,12.962222222222222,12.6,[],rdw_percent,11.4,45,1331,24,False,"['Has 45 values, but 0 in PCOS']",Control_no_PCOS,RDW %,,False,12.3,13.3,merged,False,False,False
"RTG kości nadgarstka, PA, bok (nan)",XRay,float64,,['N=0 - completely empty column (no data)'],False,,,,[],,,0,1331,0,False,['No non-null values at all'],,"RTG kości nadgarstka, PA, bok (nan)",,False,,,exclude,True,False,False
Rok KG,Index,float64,,[],False,2025.0,2022.192068429238,2023.0,[],,2018.0,1286,1331,8,False,"['Has 1286 values, but 0 in Control']",PCOS,Rok KG,,False,2021.0,2024.0,,False,False,True
SHBG (L_SHGB),SHBG,float64,nmol/L,['merged into shbg_nmol_l'],False,337.0,53.16779588336192,48.0,[],shbg_nmol_l,6.97,1166,1331,750,False,"['Has 1166 values, but 0 in Control']",PCOS,SHBG (L_SHGB),,False,30.9225,67.2,merged,False,False,False
SHBG (SHGB),SHBG,float64,,['N=1 < 10 - automatic exclusion'],False,25.52,25.52,25.52,[],,25.52,1,1331,1,False,"['Has 1 values, but 0 in Control', 'Only 1 non-null values']",PCOS,SHBG (SHGB),,False,25.52,25.52,exclude,True,False,False
SHBG nmol/l,SHBG,float64,nmol/L,['merged into shbg_nmol_l'],False,142.0,64.27333333333334,64.5,[],shbg_nmol_l,32.3,45,1331,43,False,"['Has 45 values, but 0 in PCOS']",Control_no_PCOS,SHBG nmol/l,,False,43.1,78.8,merged,False,False,False
TK jamy brzusznej i miednicy z kontrastem (nan),CT_Scan,float64,,['N=0 - completely empty column (no data)'],False,,,,[],,,0,1331,0,False,"['MANUAL CORRECTION: changed from AST to CT_Scan', 'No non-null values at all']",,TK jamy brzusznej i miednicy z kontrastem (nan),,False,,,exclude,True,False,False
TK jamy brzusznej z kontrastem (nan),CT_Scan,float64,,['N=0 - completely empty column (no data)'],False,,,,[],,,0,1331,0,False,"['MANUAL CORRECTION: changed from AST to CT_Scan', 'No non-null values at all']",,TK jamy brzusznej z kontrastem (nan),,False,,,exclude,True,False,False
TSH (TSH),TSH,float64,μIU/mL,['merged into tsh_uIU_mL'],False,9.4,2.0159537671232877,1.82,[],tsh_uIU_mL,0.005,1168,1331,415,False,"['Has 1168 values, but 0 in Control']",PCOS,TSH (TSH),,False,1.31,2.5124999999999997,merged,False,False,False
TSH uIU/ml,TSH,float64,μU/mL,['merged into tsh_uIU_mL'],False,4.2,2.114466666666667,1.92,[],tsh_uIU_mL,0.844,45,1331,44,False,"['Has 45 values, but 0 in PCOS']",Control_no_PCOS,TSH uIU/ml,,False,1.53,2.68,merged,False,False,False
Test Roma (CA125),CA125,float64,,['N=8 < 10 - automatic exclusion'],False,26.9,16.55,15.4,[],,10.4,8,1331,8,False,"['Has 8 values, but 0 in Control', 'Only 8 non-null values']",PCOS,Test Roma (CA125),,False,12.75,19.475,exclude,True,False,False
Test Roma (HE4),HE4_ROMA,float64,,"['N=10 between 10 and 30 - needs manual verification', 'Manual decision: excluded after review (N=10 between 10-30)']",False,56.3,36.86,32.75,[],,28.5,10,1331,10,False,"['Has 10 values, but 0 in Control', 'Only 10 non-null values - consider if useful for subgroup analysis', 'Manual exclude decision - insufficient data or better alternatives exist']",PCOS,Test Roma (HE4),,False,31.6,40.349999999999994,exclude,True,False,False
Test Roma (I41),HE4_ROMA,float64,,['N=2 < 10 - automatic exclusion'],False,13.28,11.879999999999999,11.879999999999999,[],,10.48,2,1331,2,False,"['Has 2 values, but 0 in Control', 'Only 2 non-null values']",PCOS,Test Roma (I41),,False,11.18,12.58,exclude,True,False,False
Test Roma (POMENOP),HE4_ROMA,float64,,['N=8 < 10 - automatic exclusion'],False,11.4,8.436250000000001,8.51,[],,5.24,8,1331,8,False,"['Has 8 values, but 0 in Control', 'Only 8 non-null values']",PCOS,Test Roma (POMENOP),,False,6.7275,9.9,exclude,True,False,False
Test Roma (PRMENOP),HE4_ROMA,float64,,['N=8 < 10 - automatic exclusion'],False,6.42,3.21375,2.785,[],,2.02,8,1331,8,False,"['Has 8 values, but 0 in Control', 'Only 8 non-null values']",PCOS,Test Roma (PRMENOP),,False,2.4924999999999997,3.2025,exclude,True,False,False
Test Roma (ROMAPO),HE4_ROMA,float64,,['N=2 < 10 - automatic exclusion'],False,11.9,9.75,9.75,[],,7.6,2,1331,2,False,"['Has 2 values, but 0 in Control', 'Only 2 non-null values']",PCOS,Test Roma (ROMAPO),,False,8.675,10.825,exclude,True,False,False
Test Roma (ROMAPR),HE4_ROMA,float64,,['N=2 < 10 - automatic exclusion'],False,9.6,7.199999999999999,7.199999999999999,[],,4.8,2,1331,2,False,"['Has 2 values, but 0 in Control', 'Only 2 non-null values']",PCOS,Test Roma (ROMAPR),,False,6.0,8.4,exclude,True,False,False
Test z Synacthenem (L79_0),Progesterone_17OHP,float64,ng/mL,[],False,5.12,2.0336538461538463,1.9449999999999998,[],,0.34,52,1331,51,False,"['Has 52 values, but 0 in Control', 'MANUAL UNIT ASSIGNMENT: None → ng/mL']",PCOS,Test z Synacthenem (L79_0),,False,1.455,2.5525,,False,False,True
Test z Synacthenem (L79_1),Progesterone_17OHP,float64,ng/mL,[],False,8.77,3.4953703703703702,3.4450000000000003,[],,0.95,54,1331,54,False,"['Has 54 values, but 0 in Control', 'MANUAL UNIT ASSIGNMENT: None → ng/mL']",PCOS,Test z Synacthenem (L79_1),,False,2.4775,4.2075,,False,False,True
Test z Synacthenem (L79_2),Progesterone_17OHP,float64,ng/mL,[],False,8.98,3.9807407407407407,4.085,[],,1.09,54,1331,50,False,"['Has 54 values, but 0 in Control', 'MANUAL UNIT ASSIGNMENT: None → ng/mL']",PCOS,Test z Synacthenem (L79_2),,False,2.935,4.565,,False,False,True
Testosteron (L_TESTOS),Testosterone_Total,float64,ng/mL,['merged into testosterone_ng_ml'],False,1.91,0.4047720651242502,0.371,[],testosterone_ng_ml,0.025,1167,1331,569,False,"['Has 1167 values, but 0 in Control']",PCOS,Testosteron (L_TESTOS),,False,0.272,0.5115000000000001,merged,False,False,False
Testosteron wolny (O41) (TEST-F),Testosterone_Total,float64,nmol/L,['merged into testosterone_free_nmol_L'],False,17.66,2.820037796976242,2.16,[],testosterone_free_nmol_L,0.05,926,1331,470,False,"['Has 926 values, but 0 in Control']",PCOS,Testosteron wolny (O41) (TEST-F),,False,1.21,3.6575,merged,False,False,False
Triglicerydy (TG),Triglycerides,float64,mg/dL,[],False,370.0,88.07219846022241,77.2,[],,24.0,1169,1331,557,False,"['Has 1169 values, but 0 in Control']",PCOS,Triglicerydy (TG),,False,59.0,105.0,,False,False,True
USG brzucha i przestrzeni zaotrzewnowej (nan),Ultrasound,float64,,['N=0 - completely empty column (no data)'],False,,,,[],,,0,1331,0,False,['No non-null values at all'],,USG brzucha i przestrzeni zaotrzewnowej (nan),,False,,,exclude,True,False,False
USG nadnerczy (nan),Ultrasound,float64,,['N=0 - completely empty column (no data)'],False,,,,[],,,0,1331,0,False,['No non-null values at all'],,USG nadnerczy (nan),,False,,,exclude,True,False,False
USG piersi (nan),Ultrasound,float64,,['N=0 - completely empty column (no data)'],False,,,,[],,,0,1331,0,False,['No non-null values at all'],,USG piersi (nan),,False,,,exclude,True,False,False
USG tarczycy i przytarczyc (nan),Ultrasound,float64,,['N=0 - completely empty column (no data)'],False,,,,[],,,0,1331,0,False,['No non-null values at all'],,USG tarczycy i przytarczyc (nan),,False,,,exclude,True,False,False
USG wątroby – elastografia (nan),Ultrasound,float64,,['N=0 - completely empty column (no data)'],False,,,,[],,,0,1331,0,False,"['MANUAL CORRECTION: changed from AST to Ultrasound', 'No non-null values at all']",,USG wątroby – elastografia (nan),,False,,,exclude,True,False,False
WBC 10^3/uL,WBC,float64,10^3/uL,['merged into wbc_10_3_uL'],False,8.64,5.419777777777779,5.2,[],wbc_10_3_uL,3.09,45,1331,42,False,"['Has 45 values, but 0 in PCOS']",Control_no_PCOS,WBC 10^3/uL,,False,4.6,6.19,merged,False,False,False
Wapń całkowity (TCAL),Calcium,float64,,['N=2 < 10 - automatic exclusion'],False,10.3,9.925,9.925,[],,9.55,2,1331,2,False,"['Has 2 values, but 0 in Control', 'Only 2 non-null values']",PCOS,Wapń całkowity (TCAL),,False,9.7375,10.1125,exclude,True,False,False
Wapń zjonizowany (surowica) (L_CAZJS),Calcium,float64,,['N=1 < 10 - automatic exclusion'],False,1.25,1.25,1.25,[],,1.25,1,1331,1,False,"['Has 1 values, but 0 in Control', 'Only 1 non-null values']",PCOS,Wapń zjonizowany (surowica) (L_CAZJS),,False,1.25,1.25,exclude,True,False,False
Witamina D (25- hydroksywitamina D3) (WITD),Vitamin_D,str,,"['contains commas (Polish decimal) - 809 occurrences', 'contains special characters (>, <, ~) - 1 occurrences']",True,,,,[],,,809,1331,354,False,"['Has 809 values, but 0 in Control', 'Formatting errors: contains commas (Polish decimal) - 809 occurrences, contains special characters (>, <, ~) - 1 occurrences', 'Data cleaning decision needed: contains commas (Polish decimal) + contains special character ""<""', ""Problematic sample values: ['23,80', '13,00', '41,80', '17,90', '18,90']""]",PCOS,Witamina D (25- hydroksywitamina D3) (WITD),,False,,,decision_needed,False,False,True
Wolny testosteron (O41.W),Testosterone_Total,float64,nmol/L,['merged into testosterone_free_nmol_L'],False,15.66,2.8688888888888884,2.35,[],testosterone_free_nmol_L,0.12,189,1331,159,False,"['Has 189 values, but 0 in Control']",PCOS,Wolny testosteron (O41.W),,False,1.42,3.58,merged,False,False,False
Wymaz z kanału szyjki macicy - posiew mykologiczny (DAT-ZAK),Microbiology,str,,['N=2 < 10 - automatic exclusion'],False,,,,[],,,2,1331,2,False,"['Has 2 values, but 0 in Control', 'Only 2 non-null values']",PCOS,Wymaz z kanału szyjki macicy - posiew mykologiczny (DAT-ZAK),,False,,,exclude,True,False,False
Wymaz z kanału szyjki macicy - posiew mykologiczny (UWAGI),Microbiology,str,,['N=2 < 10 - automatic exclusion'],False,,,,[],,,2,1331,1,False,"['Has 2 values, but 0 in Control', 'Only 2 non-null values']",PCOS,Wymaz z kanału szyjki macicy - posiew mykologiczny (UWAGI),,False,,,exclude,True,False,False
Wymaz z kanału szyjki macicy - posiew mykologiczny (Wynik badania),Microbiology,float64,,['N=0 - completely empty column (no data)'],False,,,,[],,,0,1331,0,False,['No non-null values at all'],,Wymaz z kanału szyjki macicy - posiew mykologiczny (Wynik badania),,False,,,exclude,True,False,False
Wymaz z kanału szyjki macicy - posiew tlenowy (DAT-ZAK),Microbiology,str,,['N=2 < 10 - automatic exclusion'],False,,,,[],,,2,1331,2,False,"['Has 2 values, but 0 in Control', 'Only 2 non-null values']",PCOS,Wymaz z kanału szyjki macicy - posiew tlenowy (DAT-ZAK),,False,,,exclude,True,False,False
Wymaz z kanału szyjki macicy - posiew tlenowy (UWAGI),Microbiology,str,,['N=2 < 10 - automatic exclusion'],False,,,,[],,,2,1331,2,False,"['Has 2 values, but 0 in Control', 'Only 2 non-null values']",PCOS,Wymaz z kanału szyjki macicy - posiew tlenowy (UWAGI),,False,,,exclude,True,False,False
Wymaz z kanału szyjki macicy - posiew tlenowy (Wynik badania),Microbiology,float64,,['N=0 - completely empty column (no data)'],False,,,,[],,,0,1331,0,False,['No non-null values at all'],,Wymaz z kanału szyjki macicy - posiew tlenowy (Wynik badania),,False,,,exclude,True,False,False
Wypis z oddziału zlecającego,Index,datetime64[us],,[],False,,,,[],,,1286,1331,1283,False,"['Has 1286 values, but 0 in Control']",PCOS,Wypis z oddziału zlecającego,,False,,,,False,False,True
beta HCG (L_HCG),Beta_HCG,float64,,"['N=21 between 10 and 30 - needs manual verification', 'Manual decision: excluded after review (N=21 between 10-30)']",False,1.66,0.22190476190476188,0.2,[],,0.1,21,1331,3,False,"['Has 21 values, but 0 in Control', 'Only 21 non-null values - consider if useful for subgroup analysis', 'Manual exclude decision - insufficient data or better alternatives exist']",PCOS,beta HCG (L_HCG),,False,0.1,0.2,exclude,True,False,False
glu 0' mg/dl,Glucose_Fasting,float64,mg/dL,['merged into glucose_fasting_mg_dL'],False,106.0,88.40671111111112,88.8,[],glucose_fasting_mg_dL,78.1,45,1331,40,False,"['Has 45 values, but 0 in PCOS']",Control_no_PCOS,glu 0' mg/dl,,False,84.9,91.4,merged,False,False,False
insulina uU/ml,Insulin_Fasting,float64,μU/mL,['merged into insulin_fasting_uU_ml'],False,22.1,8.087777777777779,6.97,[],insulin_fasting_uU_ml,3.31,45,1331,43,False,"['Has 45 values, but 0 in PCOS', 'MANUAL CORRECTION: unified to μU/mL']",Control_no_PCOS,insulina uU/ml,,False,5.97,10.0,merged,False,False,False
kortyzol 8.00 ug/dl,Cortisol_8AM,float64,μg/dL,['merged into cortisol_8am_ug_dL'],False,20.3,13.915555555555557,13.8,[],cortisol_8am_ug_dL,7.61,45,1331,38,False,"['Has 45 values, but 0 in PCOS', 'MANUAL CORRECTION: ug/dL → μg/dL (micro prefix normalized)']",Control_no_PCOS,kortyzol 8.00 ug/dl,,False,11.5,16.3,merged,False,False,False
testosteron ng/ml,Testosterone_Total,float64,ng/mL,['merged into testosterone_ng_ml'],False,0.804,0.3485555555555555,0.317,[],testosterone_ng_ml,0.103,45,1331,43,False,"['Has 45 values, but 0 in PCOS']",Control_no_PCOS,testosteron ng/ml,,False,0.257,0.409,merged,False,False,False
Żelazo (FE),Iron,float64,,['N=3 < 10 - automatic exclusion'],False,119.0,87.16666666666667,86.0,[],,56.5,3,1331,3,False,"['Has 3 values, but 0 in Control', 'Only 3 non-null values']",PCOS,Żelazo (FE),,False,71.25,102.5,exclude,True,False,False
AMH_ng_ml,AMH,float64,ng/mL,[],False,,,,"['AMH (hormon anty-Mullerowski) (AMH_CP)', 'AMH-anty Mullerian Hormon (AMH)', 'AMH ng/ml']",,,1168,1331,674,False,"['Consolidated from: AMH (hormon anty-Mullerowski) (AMH_CP), AMH-anty Mullerian Hormon (AMH), AMH ng/ml']",,AMH_ng_ml,,False,,,keep,False,False,True
androstenedione_ng_ml,Androstenedione,float64,ng/mL,[],False,,,,"['Androstendion (ANDRO)', 'Androstendion (I31)', 'Androstendion (I31) (ANDRO)']",,,1126,1331,381,False,"['Consolidated from: Androstendion (ANDRO), Androstendion (I31), Androstendion (I31) (ANDRO)']",PCOS,androstenedione_ng_ml,,False,,,keep,False,False,True
anti_tg_IU_mL,Anti_TG,float64,IU/mL,[],False,,,,"['P/c antytyreoglobulinowe (anty-Tg) (ANTYTG2)', 'Anty-TG (p/c przeciw tyreoglobulinie) (ATG)']",,,936,1331,393,False,"['Consolidated from: P/c antytyreoglobulinowe (anty-Tg) (ANTYTG2), Anty-TG (p/c przeciw tyreoglobulinie) (ATG)']",PCOS,anti_tg_IU_mL,,False,,,keep,False,False,True
cortisol_8am_ug_dL,Cortisol_8AM,float64,μg/dL,[],False,,,,"['Kortyzol godz. 08:00 (KOR)', 'kortyzol 8.00 ug/dl']",,,1210,1331,474,False,"['Consolidated from: Kortyzol godz. 08:00 (KOR), kortyzol 8.00 ug/dl']",,cortisol_8am_ug_dL,,False,,,keep,False,False,True
dheas_ug_dL,DHEAS,float64,μg/dL,[],False,,,,"['DHEAS (DHEA)', 'DHEAS ug/dl']",,,1216,1331,608,False,"['Consolidated from: DHEAS (DHEA), DHEAS ug/dl']",,dheas_ug_dL,,False,,,keep,False,False,True
fsh_iu_l,FSH,float64,IU/L,[],False,,,,"['FSH IU/l', 'FSH (FSH)']",,,1213,1331,518,False,"['Consolidated from: FSH IU/l, FSH (FSH)']",,fsh_iu_l,,False,,,keep,False,False,True
glucose_fasting_mg_dL,Glucose_Fasting,float64,mg/dL,[],False,,,,"['Krzywa cukrowa - 2 punktowa (L_GLU_0)', ""glu 0' mg/dl""]",,,1195,1331,259,False,"[""Consolidated from: Krzywa cukrowa - 2 punktowa (L_GLU_0), glu 0' mg/dl""]",,glucose_fasting_mg_dL,,False,,,keep,False,False,True
hematocrit_percent,Hematocrit,float64,%,[],False,,,,"['Morfologia CBC (HCT)', 'Morfologia krwi, z pełnym różnicowaniem granulocytów (leukocytów) z rozmazem - 5 Diff (HCT)']",,,945,1331,143,False,"['Consolidated from: Morfologia CBC (HCT), Morfologia krwi, z pełnym różnicowaniem granulocytów (leukocytów) z rozmazem - 5 Diff (HCT)']",PCOS,hematocrit_percent,,False,,,keep,False,False,True
hemoglobin_g_dL,Hemoglobin,float64,g/dL,[],False,,,,"['Morfologia CBC (HGB)', 'Morfologia krwi, z pełnym różnicowaniem granulocytów (leukocytów) z rozmazem - 5 Diff (HGB)']",,,945,1331,61,False,"['Consolidated from: Morfologia CBC (HGB), Morfologia krwi, z pełnym różnicowaniem granulocytów (leukocytów) z rozmazem - 5 Diff (HGB)']",PCOS,hemoglobin_g_dL,,False,,,keep,False,False,True
insulin_fasting_uU_ml,Insulin_Fasting,float64,μU/mL,[],False,,,,"['Insulina (INSUL)', 'Insulina po 75g glukozy (3pkt.) (INSUL_0)', 'Insulina po obciążeniu 75 g glukozy 0,1,2,3 (L97 0m)', 'Insulina po obciążeniu 75 g glukozy 0,1,2,3 (L97_0)', 'insulina uU/ml']",,,1156,1331,591,False,"['Consolidated from: Insulina (INSUL), Insulina po 75g glukozy (3pkt.) (INSUL_0), Insulina po obciążeniu 75 g glukozy 0,1,2,3 (L97 0m), Insulina po obciążeniu 75 g glukozy 0,1,2,3 (L97_0), insulina uU/ml']",,insulin_fasting_uU_ml,,False,,,keep,False,False,True
insulin_30min_uU_ml,Insulin_Fasting,float64,μU/mL,[],False,,,,"['Insulina po obciążeniu 75 g glukozy 0,1,2,3 (L97 30m)', 'Insulina po obciążeniu 75 g glukozy 0,1,2,3 (L97_1)']",,,144,1331,136,False,"['Consolidated from: Insulina po obciążeniu 75 g glukozy 0,1,2,3 (L97 30m), Insulina po obciążeniu 75 g glukozy 0,1,2,3 (L97_1)']",PCOS,insulin_30min_uU_ml,,False,,,keep,False,False,True
insulin_60min_3pt_uU_ml,Insulin_Fasting,float64,μU/mL,[],False,,,,['Insulina po 75g glukozy (3pkt.) (INSUL_1)'],,,221,1331,185,False,['Consolidated from: Insulina po 75g glukozy (3pkt.) (INSUL_1)'],PCOS,insulin_60min_3pt_uU_ml,,False,,,keep,False,False,True
insulin_60min_4pt_uU_ml,Insulin_Fasting,float64,μU/mL,[],False,,,,"['Insulina po obciążeniu 75 g glukozy 0,1,2,3 (L97 60m)', 'Insulina po obciążeniu 75 g glukozy 0,1,2,3 (L97_2)']",,,145,1331,129,False,"['Consolidated from: Insulina po obciążeniu 75 g glukozy 0,1,2,3 (L97 60m), Insulina po obciążeniu 75 g glukozy 0,1,2,3 (L97_2)']",PCOS,insulin_60min_4pt_uU_ml,,False,,,keep,False,False,True
insulin_120min_3pt_uU_ml,Insulin_Fasting,float64,μU/mL,[],False,,,,['Insulina po 75g glukozy (3pkt.) (INSUL_2)'],,,221,1331,194,False,['Consolidated from: Insulina po 75g glukozy (3pkt.) (INSUL_2)'],PCOS,insulin_120min_3pt_uU_ml,,False,,,keep,False,False,True
insulin_120min_4pt_uU_ml,Insulin_Fasting,float64,μU/mL,[],False,,,,"['Insulina po obciążeniu 75 g glukozy 0,1,2,3 (L97 120m)']",,,83,1331,75,False,"['Consolidated from: Insulina po obciążeniu 75 g glukozy 0,1,2,3 (L97 120m)']",PCOS,insulin_120min_4pt_uU_ml,,False,,,keep,False,False,True
lh_iu_l,LH,float64,IU/L,[],False,,,,"['LH (LH)', 'LH IU/l']",,,1213,1331,704,False,"['Consolidated from: LH (LH), LH IU/l']",,lh_iu_l,,False,,,keep,False,False,True
lymphocytes_abs_10_3_uL,Lymphocytes,float64,10^3/uL,[],False,,,,"['Limf 10^3/uL', 'Morfologia krwi, z pełnym różnicowaniem granulocytów (leukocytów) z rozmazem - 5 Diff (LIM#)']",,,946,1331,271,False,"['Consolidated from: Limf 10^3/uL, Morfologia krwi, z pełnym różnicowaniem granulocytów (leukocytów) z rozmazem - 5 Diff (LIM#)']",,lymphocytes_abs_10_3_uL,,False,,,keep,False,False,True
mch_pg,MCH,float64,pg,[],False,,,,"['Morfologia CBC (MCH)', 'Morfologia krwi, z pełnym różnicowaniem granulocytów (leukocytów) z rozmazem - 5 Diff (MCH)']",,,945,1331,97,False,"['Consolidated from: Morfologia CBC (MCH), Morfologia krwi, z pełnym różnicowaniem granulocytów (leukocytów) z rozmazem - 5 Diff (MCH)']",PCOS,mch_pg,,False,,,keep,False,False,True
mchc_g_dL,MCHC,float64,g/dL,[],False,,,,"['Morfologia CBC (MCHC)', 'Morfologia krwi, z pełnym różnicowaniem granulocytów (leukocytów) z rozmazem - 5 Diff (MCHC)']",,,945,1331,62,False,"['Consolidated from: Morfologia CBC (MCHC), Morfologia krwi, z pełnym różnicowaniem granulocytów (leukocytów) z rozmazem - 5 Diff (MCHC)']",PCOS,mchc_g_dL,,False,,,keep,False,False,True
mcv_fL,MCV,float64,fL,[],False,,,,"['Morfologia CBC (MCV)', 'Morfologia krwi, z pełnym różnicowaniem granulocytów (leukocytów) z rozmazem - 5 Diff (MCV)']",,,945,1331,189,False,"['Consolidated from: Morfologia CBC (MCV), Morfologia krwi, z pełnym różnicowaniem granulocytów (leukocytów) z rozmazem - 5 Diff (MCV)']",PCOS,mcv_fL,,False,,,keep,False,False,True
mpv_fL,MPV,float64,fL,[],False,,,,"['MPV fL', 'Morfologia CBC (MPV)', 'Morfologia krwi, z pełnym różnicowaniem granulocytów (leukocytów) z rozmazem - 5 Diff (MPV)']",,,990,1331,52,False,"['Consolidated from: MPV fL, Morfologia CBC (MPV), Morfologia krwi, z pełnym różnicowaniem granulocytów (leukocytów) z rozmazem - 5 Diff (MPV)']",,mpv_fL,,False,,,keep,False,False,True
pct_percent,MPV,float64,%,[],False,,,,"['Morfologia CBC (PCT)', 'Morfologia krwi, z pełnym różnicowaniem granulocytów (leukocytów) z rozmazem - 5 Diff (PCT)']",,,945,1331,35,False,"['Consolidated from: Morfologia CBC (PCT), Morfologia krwi, z pełnym różnicowaniem granulocytów (leukocytów) z rozmazem - 5 Diff (PCT)']",PCOS,pct_percent,,False,,,keep,False,False,True
pdw_fL,MPV,float64,fL,[],False,,,,"['Morfologia CBC (PDW)', 'Morfologia krwi, z pełnym różnicowaniem granulocytów (leukocytów) z rozmazem - 5 Diff (PDW)']",,,946,1331,98,False,"['Consolidated from: Morfologia CBC (PDW), Morfologia krwi, z pełnym różnicowaniem granulocytów (leukocytów) z rozmazem - 5 Diff (PDW)']",PCOS,pdw_fL,,False,,,keep,False,False,True
plcr_percent,MPV,float64,%,[],False,,,,"['Morfologia CBC (PLCR)', 'Morfologia krwi, z pełnym różnicowaniem granulocytów (leukocytów) z rozmazem - 5 Diff (PLCR)']",,,945,1331,293,False,"['Consolidated from: Morfologia CBC (PLCR), Morfologia krwi, z pełnym różnicowaniem granulocytów (leukocytów) z rozmazem - 5 Diff (PLCR)']",PCOS,plcr_percent,,False,,,keep,False,False,True
neutrophils_abs_10_3_uL,Neutrophils,float64,10^3/uL,[],False,,,,"['Neu 10^3/uL', 'Morfologia krwi, z pełnym różnicowaniem granulocytów (leukocytów) z rozmazem - 5 Diff (NEUT#)']",,,946,1331,351,False,"['Consolidated from: Neu 10^3/uL, Morfologia krwi, z pełnym różnicowaniem granulocytów (leukocytów) z rozmazem - 5 Diff (NEUT#)']",,neutrophils_abs_10_3_uL,,False,,,keep,False,False,True
platelets_10_3_uL,Platelets,float64,10^3/uL,[],False,,,,"['PLT 10^3/uL', 'Morfologia CBC (PLT)', 'Morfologia krwi, z pełnym różnicowaniem granulocytów (leukocytów) z rozmazem - 5 Diff (PLT)']",,,990,1331,236,False,"['Consolidated from: PLT 10^3/uL, Morfologia CBC (PLT), Morfologia krwi, z pełnym różnicowaniem granulocytów (leukocytów) z rozmazem - 5 Diff (PLT)']",,platelets_10_3_uL,,False,,,keep,False,False,True
17ohp_baseline_ng_ml,Progesterone_17OHP,float64,ng/mL,[],False,,,,"['17 - OH progesteron (L79) (17-OHPG)', '17 OH progesteron (L79)']",,,1177,1331,331,False,"['Consolidated from: 17 - OH progesteron (L79) (17-OHPG), 17 OH progesteron (L79)']",PCOS,17ohp_baseline_ng_ml,,False,,,keep,False,False,True
prolactin_ng_ml,Prolactin,float64,ng/mL,[],False,,,,"['PRL godz. 10:00 (PRL10)', 'PRL ng/ml']",,,1210,1331,602,False,"['Consolidated from: PRL godz. 10:00 (PRL10), PRL ng/ml']",,prolactin_ng_ml,,False,,,keep,False,False,True
rbc_10_6_uL,RBC,float64,10^6/uL,[],False,,,,"['Morfologia CBC (RBC)', 'Morfologia krwi, z pełnym różnicowaniem granulocytów (leukocytów) z rozmazem - 5 Diff (RBC)']",,,945,1331,167,False,"['Consolidated from: Morfologia CBC (RBC), Morfologia krwi, z pełnym różnicowaniem granulocytów (leukocytów) z rozmazem - 5 Diff (RBC)']",PCOS,rbc_10_6_uL,,False,,,keep,False,False,True
rdw_percent,RDW,float64,%,[],False,,,,"['Morfologia CBC (RDW)', 'Morfologia krwi, z pełnym różnicowaniem granulocytów (leukocytów) z rozmazem - 5 Diff (RDW)', 'RDW %']",,,990,1331,58,False,"['Consolidated from: Morfologia CBC (RDW), Morfologia krwi, z pełnym różnicowaniem granulocytów (leukocytów) z rozmazem - 5 Diff (RDW), RDW %']",,rdw_percent,,False,,,keep,False,False,True
rdwsd_fL,RDW,float64,fL,[],False,,,,"['Morfologia CBC (RDWSD)', 'Morfologia krwi, z pełnym różnicowaniem granulocytów (leukocytów) z rozmazem - 5 Diff (RDWSD)']",,,945,1331,134,False,"['Consolidated from: Morfologia CBC (RDWSD), Morfologia krwi, z pełnym różnicowaniem granulocytów (leukocytów) z rozmazem - 5 Diff (RDWSD)']",PCOS,rdwsd_fL,,False,,,keep,False,False,True
shbg_nmol_l,SHBG,float64,nmol/L,[],False,,,,"['SHBG nmol/l', 'SHBG (L_SHGB)']",,,1211,1331,771,False,"['Consolidated from: SHBG nmol/l, SHBG (L_SHGB)']",,shbg_nmol_l,,False,,,keep,False,False,True
testosterone_ng_ml,Testosterone_Total,float64,ng/mL,[],False,,,,"['testosteron ng/ml', 'Testosteron (L_TESTOS)']",,,1212,1331,575,False,"['Consolidated from: testosteron ng/ml, Testosteron (L_TESTOS)']",,testosterone_ng_ml,,False,,,keep,False,False,True
testosterone_free_nmol_L,Testosterone_Total,float64,nmol/L,[],False,,,,"['Testosteron wolny (O41) (TEST-F)', 'Wolny testosteron (O41.W)']",,,1115,1331,513,False,"['Consolidated from: Testosteron wolny (O41) (TEST-F), Wolny testosteron (O41.W)']",PCOS,testosterone_free_nmol_L,,False,,,keep,False,False,True
tsh_uIU_mL,TSH,float64,μIU/mL,[],False,,,,"['TSH (TSH)', 'TSH uIU/ml']",,,1213,1331,421,False,"['Consolidated from: TSH (TSH), TSH uIU/ml']",,tsh_uIU_mL,,False,,,keep,False,False,True
wbc_10_3_uL,WBC,float64,10^3/uL,[],False,,,,"['Morfologia CBC (WBC)', 'Morfologia krwi, z pełnym różnicowaniem granulocytów (leukocytów) z rozmazem - 5 Diff (WBC)', 'WBC 10^3/uL']",,,990,1331,466,False,"['Consolidated from: Morfologia CBC (WBC), Morfologia krwi, z pełnym różnicowaniem granulocytów (leukocytów) z rozmazem - 5 Diff (WBC), WBC 10^3/uL']",,wbc_10_3_uL,,False,,,keep,False,False,True
